"BIN Master Name","BIN Master Id","Area","Floor","BIN Type","Max Quantity","Stock","Type","Dynamic_Flag","Hazardous_Flag","Division","Material Name","Remarks"
"1001-0100","1-TM-BIN_MASTER-1","Spare Parts","Ground","Medium","999999","99999","Generic","","","1-J30J21"
"1001-0111","1-TM-BIN_MASTER-2","Spare Parts","Ground","Medium","999999","99999","Generic","","","1-J30J21"
"1001-0115","1-TM-BIN_MASTER-3","Spare Parts","Ground","Medium","999999","99999","Generic","","","1-J30J21"
"1001-0131","1-TM-BIN_MASTER-4","Spare Parts","Ground","Medium","999999","99999","Generic","","","1-J30J21"
"1001-0135","1-TM-BIN_MASTER-5","Spare Parts","Ground","Medium","999999","99999","Generic","","","1-J30J21"
"1001-0151","1-TM-BIN_MASTER-6","Spare Parts","Ground","Medium","999999","99999","Generic","","","1-J30J21"
"1001-0155","1-TM-BIN_MASTER-7","Spare Parts","Ground","Medium","999999","99999","Generic","","","1-J30J21"
"1001-0171","1-TM-BIN_MASTER-8","Spare Parts","Ground","Medium","999999","99999","Generic","","","1-J30J21"
"1001-0175","1-TM-BIN_MASTER-9","Spare Parts","Ground","Medium","999999","99999","Generic","","","1-J30J21"
"1001-0191","1-TM-BIN_MASTER-10","Spare Parts","Ground","Medium","999999","99999","Generic","","","1-J30J21"
"1001-0195","1-TM-BIN_MASTER-11","Spare Parts","Ground","Medium","999999","99999","Generic","","","1-J30J21"
"1001-0200","1-TM-BIN_MASTER-12","Spare Parts","Ground","Medium","999999","99999","Generic","","","1-J30J21"
"1001-0211","1-TM-BIN_MASTER-13","Spare Parts","Ground","Medium","999999","99999","Generic","","","1-J30J21"
"1001-0215","1-TM-BIN_MASTER-14","Spare Parts","Ground","Medium","999999","99999","Generic","","","1-J30J21"
"1001-0235","1-TM-BIN_MASTER-15","Spare Parts","Ground","Medium","999999","99999","Generic","","","1-J30J21"
"1001-0251","1-TM-BIN_MASTER-16","Spare Parts","Ground","Medium","999999","99999","Generic","","","1-J30J21"
"1001-0255","1-TM-BIN_MASTER-17","Spare Parts","Ground","Medium","999999","99999","Generic","","","1-J30J21"
"1001-0271","1-TM-BIN_MASTER-18","Spare Parts","Ground","Medium","999999","99999","Generic","","","1-J30J21"
"1001-0275","1-TM-BIN_MASTER-19","Spare Parts","Ground","Medium","999999","99999","Generic","","","1-J30J21"
"1001-0291","1-TM-BIN_MASTER-20","Spare Parts","Ground","Medium","999999","99999","Generic","","","1-J30J21"
"1001-0295","1-TM-BIN_MASTER-21","Spare Parts","Ground","Medium","999999","99999","Generic","","","1-J30J21"
"1001-1271","1-TM-BIN_MASTER-22","Spare Parts","Ground","Medium","999999","99999","Generic","","","1-J30J21"
"1002-0141","1-TM-BIN_MASTER-23","Spare Parts","Ground","Medium","999999","99999","Generic","","","1-J30J21"
"1002-0145","1-TM-BIN_MASTER-24","Spare Parts","Ground","Medium","999999","99999","Generic","","","1-J30J21"
"1002-0175","1-TM-BIN_MASTER-25","Spare Parts","Ground","Medium","999999","99999","Generic","","","1-J30J21"
"1002-0191","1-TM-BIN_MASTER-26","Spare Parts","Ground","Medium","999999","99999","Generic","","","1-J30J21"
"1002-0195","1-TM-BIN_MASTER-27","Spare Parts","Ground","Medium","999999","99999","Generic","","","1-J30J21"
"1002-0200","1-TM-BIN_MASTER-28","Spare Parts","Ground","Medium","999999","99999","Generic","","","1-J30J21"
"1002-0201","1-TM-BIN_MASTER-29","Spare Parts","Ground","Medium","999999","99999","Generic","","","1-J30J21"
"1002-0221","1-TM-BIN_MASTER-30","Spare Parts","Ground","Medium","999999","99999","Generic","","","1-J30J21"
"1002-0231","1-TM-BIN_MASTER-31","Spare Parts","Ground","Medium","999999","99999","Generic","","","1-J30J21"
"1002-2195","1-TM-BIN_MASTER-32","Spare Parts","Ground","Medium","999999","99999","Generic","","","1-J30J21"
"1003-0100","1-TM-BIN_MASTER-33","Spare Parts","Ground","Medium","999999","99999","Generic","","","1-J30J21"
"1003-0111","1-TM-BIN_MASTER-34","Spare Parts","Ground","Medium","999999","99999","Generic","","","1-J30J21"
"1003-0115","1-TM-BIN_MASTER-35","Spare Parts","Ground","Medium","999999","99999","Generic","","","1-J30J21"
"1003-0191","1-TM-BIN_MASTER-36","Spare Parts","Ground","Medium","999999","99999","Generic","","","1-J30J21"
"1003-0200","1-TM-BIN_MASTER-37","Spare Parts","Ground","Medium","999999","99999","Generic","","","1-J30J21"
"1003-0201","1-TM-BIN_MASTER-38","Spare Parts","Ground","Medium","999999","99999","Generic","","","1-J30J21"
"1003-0205","1-TM-BIN_MASTER-39","Spare Parts","Ground","Medium","999999","99999","Generic","","","1-J30J21"
"1003-0211","1-TM-BIN_MASTER-40","Spare Parts","Ground","Medium","999999","99999","Generic","","","1-J30J21"
"1003-0213","1-TM-BIN_MASTER-41","Spare Parts","Ground","Medium","999999","99999","Generic","","","1-J30J21"
"1003-0217","1-TM-BIN_MASTER-42","Spare Parts","Ground","Medium","999999","99999","Generic","","","1-J30J21"
"1003-0221","1-TM-BIN_MASTER-43","Spare Parts","Ground","Medium","999999","99999","Generic","","","1-J30J21"
"1003-0223","1-TM-BIN_MASTER-44","Spare Parts","Ground","Medium","999999","99999","Generic","","","1-J30J21"
"1003-0225","1-TM-BIN_MASTER-45","Spare Parts","Ground","Medium","999999","99999","Generic","","","1-J30J21"
"1003-0231","1-TM-BIN_MASTER-46","Spare Parts","Ground","Medium","999999","99999","Generic","","","1-J30J21"
"1003-0233","1-TM-BIN_MASTER-47","Spare Parts","Ground","Medium","999999","99999","Generic","","","1-J30J21"
"1003-0235","1-TM-BIN_MASTER-48","Spare Parts","Ground","Medium","999999","99999","Generic","","","1-J30J21"
"1003-0237","1-TM-BIN_MASTER-49","Spare Parts","Ground","Medium","999999","99999","Generic","","","1-J30J21"
"1003-0241","1-TM-BIN_MASTER-50","Spare Parts","Ground","Medium","999999","99999","Generic","","","1-J30J21"
"1003-0243","1-TM-BIN_MASTER-51","Spare Parts","Ground","Medium","999999","99999","Generic","","","1-J30J21"
"1003-0245","1-TM-BIN_MASTER-52","Spare Parts","Ground","Medium","999999","99999","Generic","","","1-J30J21"
"1003-0247","1-TM-BIN_MASTER-53","Spare Parts","Ground","Medium","999999","99999","Generic","","","1-J30J21"
"1004-0100","1-TM-BIN_MASTER-54","Spare Parts","Ground","Medium","999999","99999","Generic","","","1-J30J21"
"1004-0111","1-TM-BIN_MASTER-55","Spare Parts","Ground","Medium","999999","99999","Generic","","","1-J30J21"
"1004-0131","1-TM-BIN_MASTER-56","Spare Parts","Ground","Medium","999999","99999","Generic","","","1-J30J21"
"1004-0151","1-TM-BIN_MASTER-57","Spare Parts","Ground","Medium","999999","99999","Generic","","","1-J30J21"
"1004-0171","1-TM-BIN_MASTER-58","Spare Parts","Ground","Medium","999999","99999","Generic","","","1-J30J21"
"1004-0191","1-TM-BIN_MASTER-59","Spare Parts","Ground","Medium","999999","99999","Generic","","","1-J30J21"
"10040191(BOX)","1-TM-BIN_MASTER-60","Spare Parts","Ground","Medium","999999","99999","Generic","","","1-J30J21"
"1004-0200","1-TM-BIN_MASTER-61","Spare Parts","Ground","Medium","999999","99999","Generic","","","1-J30J21"
"1004-0211","1-TM-BIN_MASTER-62","Spare Parts","Ground","Medium","999999","99999","Generic","","","1-J30J21"
"1004-0231","1-TM-BIN_MASTER-63","Spare Parts","Ground","Medium","999999","99999","Generic","","","1-J30J21"
"1004-0251","1-TM-BIN_MASTER-64","Spare Parts","Ground","Medium","999999","99999","Generic","","","1-J30J21"
"1004-0271","1-TM-BIN_MASTER-65","Spare Parts","Ground","Medium","999999","99999","Generic","","","1-J30J21"
"1004-0291","1-TM-BIN_MASTER-66","Spare Parts","Ground","Medium","999999","99999","Generic","","","1-J30J21"
"1004-0300","1-TM-BIN_MASTER-67","Spare Parts","Ground","Medium","999999","99999","Generic","","","1-J30J21"
"1004-0301","1-TM-BIN_MASTER-68","Spare Parts","Ground","Medium","999999","99999","Generic","","","1-J30J21"
"1004-0305","1-TM-BIN_MASTER-69","Spare Parts","Ground","Medium","999999","99999","Generic","","","1-J30J21"
"1004-0311","1-TM-BIN_MASTER-70","Spare Parts","Ground","Medium","999999","99999","Generic","","","1-J30J21"
"1004-0315","1-TM-BIN_MASTER-71","Spare Parts","Ground","Medium","999999","99999","Generic","","","1-J30J21"
"1004-0316","1-TM-BIN_MASTER-72","Spare Parts","Ground","Medium","999999","99999","Generic","","","1-J30J21"
"1004-0321","1-TM-BIN_MASTER-73","Spare Parts","Ground","Medium","999999","99999","Generic","","","1-J30J21"
"1004-0325","1-TM-BIN_MASTER-74","Spare Parts","Ground","Medium","999999","99999","Generic","","","1-J30J21"
"1004-0331","1-TM-BIN_MASTER-75","Spare Parts","Ground","Medium","999999","99999","Generic","","","1-J30J21"
"1004-0341","1-TM-BIN_MASTER-76","Spare Parts","Ground","Medium","999999","99999","Generic","","","1-J30J21"
"1004-0345","1-TM-BIN_MASTER-77","Spare Parts","Ground","Medium","999999","99999","Generic","","","1-J30J21"
"1004-0351","1-TM-BIN_MASTER-78","Spare Parts","Ground","Medium","999999","99999","Generic","","","1-J30J21"
"1004-0355","1-TM-BIN_MASTER-79","Spare Parts","Ground","Medium","999999","99999","Generic","","","1-J30J21"
"1004-0361","1-TM-BIN_MASTER-80","Spare Parts","Ground","Medium","999999","99999","Generic","","","1-J30J21"
"1004-0365","1-TM-BIN_MASTER-81","Spare Parts","Ground","Medium","999999","99999","Generic","","","1-J30J21"
"1004-0371","1-TM-BIN_MASTER-82","Spare Parts","Ground","Medium","999999","99999","Generic","","","1-J30J21"
"1004-0375","1-TM-BIN_MASTER-83","Spare Parts","Ground","Medium","999999","99999","Generic","","","1-J30J21"
"1004-0381","1-TM-BIN_MASTER-84","Spare Parts","Ground","Medium","999999","99999","Generic","","","1-J30J21"
"1004-0385","1-TM-BIN_MASTER-85","Spare Parts","Ground","Medium","999999","99999","Generic","","","1-J30J21"
"1004-0391","1-TM-BIN_MASTER-86","Spare Parts","Ground","Medium","999999","99999","Generic","","","1-J30J21"
"1004-0395","1-TM-BIN_MASTER-87","Spare Parts","Ground","Medium","999999","99999","Generic","","","1-J30J21"
"1004-0400","1-TM-BIN_MASTER-88","Spare Parts","Ground","Medium","999999","99999","Generic","","","1-J30J21"
"1004-0415","1-TM-BIN_MASTER-89","Spare Parts","Ground","Medium","999999","99999","Generic","","","1-J30J21"
"1004-0445","1-TM-BIN_MASTER-90","Spare Parts","Ground","Medium","999999","99999","Generic","","","1-J30J21"
"1004-4151","1-TM-BIN_MASTER-91","Spare Parts","Ground","Medium","999999","99999","Generic","","","1-J30J21"
"1004-4191","1-TM-BIN_MASTER-92","Spare Parts","Ground","Medium","999999","99999","Generic","","","1-J30J21"
"1004-4231","1-TM-BIN_MASTER-93","Spare Parts","Ground","Medium","999999","99999","Generic","","","1-J30J21"
"1004-4395","1-TM-BIN_MASTER-94","Spare Parts","Ground","Medium","999999","99999","Generic","","","1-J30J21"
"1004-BOX)","1-TM-BIN_MASTER-95","Spare Parts","Ground","Medium","999999","99999","Generic","","","1-J30J21"
"1005-0100","1-TM-BIN_MASTER-96","Spare Parts","Ground","Medium","999999","99999","Generic","","","1-J30J21"
"10050100(Box)","1-TM-BIN_MASTER-97","Spare Parts","Ground","Medium","999999","99999","Generic","","","1-J30J21"
"1005-0111","1-TM-BIN_MASTER-98","Spare Parts","Ground","Medium","999999","99999","Generic","","","1-J30J21"
"1005-0131","1-TM-BIN_MASTER-99","Spare Parts","Ground","Medium","999999","99999","Generic","","","1-J30J21"
"1005-0151","1-TM-BIN_MASTER-100","Spare Parts","Ground","Medium","999999","99999","Generic","","","1-J30J21"
"1005-0191","1-TM-BIN_MASTER-101","Spare Parts","Ground","Medium","999999","99999","Generic","","","1-J30J21"
"1005-0200","1-TM-BIN_MASTER-102","Spare Parts","Ground","Medium","999999","99999","Generic","","","1-J30J21"
"1005-0201","1-TM-BIN_MASTER-103","Spare Parts","Ground","Medium","999999","99999","Generic","","","1-J30J21"
"1005-0211","1-TM-BIN_MASTER-104","Spare Parts","Ground","Medium","999999","99999","Generic","","","1-J30J21"
"1005-0213","1-TM-BIN_MASTER-105","Spare Parts","Ground","Medium","999999","99999","Generic","","","1-J30J21"
"1005-0221","1-TM-BIN_MASTER-106","Spare Parts","Ground","Medium","999999","99999","Generic","","","1-J30J21"
"1005-0231","1-TM-BIN_MASTER-107","Spare Parts","Ground","Medium","999999","99999","Generic","","","1-J30J21"
"1005-0251","1-TM-BIN_MASTER-108","Spare Parts","Ground","Medium","999999","99999","Generic","","","1-J30J21"
"1005-0271","1-TM-BIN_MASTER-109","Spare Parts","Ground","Medium","999999","99999","Generic","","","1-J30J21"
"1005-0291","1-TM-BIN_MASTER-110","Spare Parts","Ground","Medium","999999","99999","Generic","","","1-J30J21"
"1005-0300","1-TM-BIN_MASTER-111","Spare Parts","Ground","Medium","999999","99999","Generic","","","1-J30J21"
"1005-0301","1-TM-BIN_MASTER-112","Spare Parts","Ground","Medium","999999","99999","Generic","","","1-J30J21"
"1005-0303","1-TM-BIN_MASTER-113","Spare Parts","Ground","Medium","999999","99999","Generic","","","1-J30J21"
"1005-0305","1-TM-BIN_MASTER-114","Spare Parts","Ground","Medium","999999","99999","Generic","","","1-J30J21"
"1005-0307","1-TM-BIN_MASTER-115","Spare Parts","Ground","Medium","999999","99999","Generic","","","1-J30J21"
"1005-0311","1-TM-BIN_MASTER-116","Spare Parts","Ground","Medium","999999","99999","Generic","","","1-J30J21"
"1005-0313","1-TM-BIN_MASTER-117","Spare Parts","Ground","Medium","999999","99999","Generic","","","1-J30J21"
"1005-0315","1-TM-BIN_MASTER-118","Spare Parts","Ground","Medium","999999","99999","Generic","","","1-J30J21"
"1005-0317","1-TM-BIN_MASTER-119","Spare Parts","Ground","Medium","999999","99999","Generic","","","1-J30J21"
"1005-0321","1-TM-BIN_MASTER-120","Spare Parts","Ground","Medium","999999","99999","Generic","","","1-J30J21"
"1005-0323","1-TM-BIN_MASTER-121","Spare Parts","Ground","Medium","999999","99999","Generic","","","1-J30J21"
"1005-0325","1-TM-BIN_MASTER-122","Spare Parts","Ground","Medium","999999","99999","Generic","","","1-J30J21"
"1005-0327","1-TM-BIN_MASTER-123","Spare Parts","Ground","Medium","999999","99999","Generic","","","1-J30J21"
"1005-0331","1-TM-BIN_MASTER-124","Spare Parts","Ground","Medium","999999","99999","Generic","","","1-J30J21"
"1005-0333","1-TM-BIN_MASTER-125","Spare Parts","Ground","Medium","999999","99999","Generic","","","1-J30J21"
"1005-0335","1-TM-BIN_MASTER-126","Spare Parts","Ground","Medium","999999","99999","Generic","","","1-J30J21"
"1005-0337","1-TM-BIN_MASTER-127","Spare Parts","Ground","Medium","999999","99999","Generic","","","1-J30J21"
"1005-0341","1-TM-BIN_MASTER-128","Spare Parts","Ground","Medium","999999","99999","Generic","","","1-J30J21"
"1005-0343","1-TM-BIN_MASTER-129","Spare Parts","Ground","Medium","999999","99999","Generic","","","1-J30J21"
"1005-0345","1-TM-BIN_MASTER-130","Spare Parts","Ground","Medium","999999","99999","Generic","","","1-J30J21"
"1005-0347","1-TM-BIN_MASTER-131","Spare Parts","Ground","Medium","999999","99999","Generic","","","1-J30J21"
"1005-0351","1-TM-BIN_MASTER-132","Spare Parts","Ground","Medium","999999","99999","Generic","","","1-J30J21"
"1005-0353","1-TM-BIN_MASTER-133","Spare Parts","Ground","Medium","999999","99999","Generic","","","1-J30J21"
"1005-0355","1-TM-BIN_MASTER-134","Spare Parts","Ground","Medium","999999","99999","Generic","","","1-J30J21"
"1005-0357","1-TM-BIN_MASTER-135","Spare Parts","Ground","Medium","999999","99999","Generic","","","1-J30J21"
"1005-0361","1-TM-BIN_MASTER-136","Spare Parts","Ground","Medium","999999","99999","Generic","","","1-J30J21"
"1005-0363","1-TM-BIN_MASTER-137","Spare Parts","Ground","Medium","999999","99999","Generic","","","1-J30J21"
"1005-0365","1-TM-BIN_MASTER-138","Spare Parts","Ground","Medium","999999","99999","Generic","","","1-J30J21"
"1005-0367","1-TM-BIN_MASTER-139","Spare Parts","Ground","Medium","999999","99999","Generic","","","1-J30J21"
"1005-0373","1-TM-BIN_MASTER-140","Spare Parts","Ground","Medium","999999","99999","Generic","","","1-J30J21"
"1005-0375","1-TM-BIN_MASTER-141","Spare Parts","Ground","Medium","999999","99999","Generic","","","1-J30J21"
"1005-0377","1-TM-BIN_MASTER-142","Spare Parts","Ground","Medium","999999","99999","Generic","","","1-J30J21"
"1005-0381","1-TM-BIN_MASTER-143","Spare Parts","Ground","Medium","999999","99999","Generic","","","1-J30J21"
"1005-0383","1-TM-BIN_MASTER-144","Spare Parts","Ground","Medium","999999","99999","Generic","","","1-J30J21"
"1005-0385","1-TM-BIN_MASTER-145","Spare Parts","Ground","Medium","999999","99999","Generic","","","1-J30J21"
"1005-0387","1-TM-BIN_MASTER-146","Spare Parts","Ground","Medium","999999","99999","Generic","","","1-J30J21"
"1005-0391","1-TM-BIN_MASTER-147","Spare Parts","Ground","Medium","999999","99999","Generic","","","1-J30J21"
"1005-0393","1-TM-BIN_MASTER-148","Spare Parts","Ground","Medium","999999","99999","Generic","","","1-J30J21"
"1005-0395","1-TM-BIN_MASTER-149","Spare Parts","Ground","Medium","999999","99999","Generic","","","1-J30J21"
"1005-0397","1-TM-BIN_MASTER-150","Spare Parts","Ground","Medium","999999","99999","Generic","","","1-J30J21"
"1005-0400","1-TM-BIN_MASTER-151","Spare Parts","Ground","Medium","999999","99999","Generic","","","1-J30J21"
"1005-0401","1-TM-BIN_MASTER-152","Spare Parts","Ground","Medium","999999","99999","Generic","","","1-J30J21"
"1005-0405","1-TM-BIN_MASTER-153","Spare Parts","Ground","Medium","999999","99999","Generic","","","1-J30J21"
"1005-0411","1-TM-BIN_MASTER-154","Spare Parts","Ground","Medium","999999","99999","Generic","","","1-J30J21"
"1005-0415","1-TM-BIN_MASTER-155","Spare Parts","Ground","Medium","999999","99999","Generic","","","1-J30J21"
"1005-0421","1-TM-BIN_MASTER-156","Spare Parts","Ground","Medium","999999","99999","Generic","","","1-J30J21"
"1005-0425","1-TM-BIN_MASTER-157","Spare Parts","Ground","Medium","999999","99999","Generic","","","1-J30J21"
"1005-0431","1-TM-BIN_MASTER-158","Spare Parts","Ground","Medium","999999","99999","Generic","","","1-J30J21"
"1005-0435","1-TM-BIN_MASTER-159","Spare Parts","Ground","Medium","999999","99999","Generic","","","1-J30J21"
"1005-0441","1-TM-BIN_MASTER-160","Spare Parts","Ground","Medium","999999","99999","Generic","","","1-J30J21"
"1005-0445","1-TM-BIN_MASTER-161","Spare Parts","Ground","Medium","999999","99999","Generic","","","1-J30J21"
"1005-0451","1-TM-BIN_MASTER-162","Spare Parts","Ground","Medium","999999","99999","Generic","","","1-J30J21"
"1005-0461","1-TM-BIN_MASTER-163","Spare Parts","Ground","Medium","999999","99999","Generic","","","1-J30J21"
"1005-0465","1-TM-BIN_MASTER-164","Spare Parts","Ground","Medium","999999","99999","Generic","","","1-J30J21"
"1005-0475","1-TM-BIN_MASTER-165","Spare Parts","Ground","Medium","999999","99999","Generic","","","1-J30J21"
"1005-0481","1-TM-BIN_MASTER-166","Spare Parts","Ground","Medium","999999","99999","Generic","","","1-J30J21"
"1005-0485","1-TM-BIN_MASTER-167","Spare Parts","Ground","Medium","999999","99999","Generic","","","1-J30J21"
"1005-0495","1-TM-BIN_MASTER-168","Spare Parts","Ground","Medium","999999","99999","Generic","","","1-J30J21"
"1005-5100","1-TM-BIN_MASTER-169","Spare Parts","Ground","Medium","999999","99999","Generic","","","1-J30J21"
"1005-5191","1-TM-BIN_MASTER-170","Spare Parts","Ground","Medium","999999","99999","Generic","","","1-J30J21"
"1005-5325","1-TM-BIN_MASTER-171","Spare Parts","Ground","Medium","999999","99999","Generic","","","1-J30J21"
"1005-5347","1-TM-BIN_MASTER-172","Spare Parts","Ground","Medium","999999","99999","Generic","","","1-J30J21"
"1005-5363","1-TM-BIN_MASTER-173","Spare Parts","Ground","Medium","999999","99999","Generic","","","1-J30J21"
"1005-5391","1-TM-BIN_MASTER-174","Spare Parts","Ground","Medium","999999","99999","Generic","","","1-J30J21"
"1005-Box)","1-TM-BIN_MASTER-175","Spare Parts","Ground","Medium","999999","99999","Generic","","","1-J30J21"
"1006-0100","1-TM-BIN_MASTER-176","Spare Parts","Ground","Medium","999999","99999","Generic","","","1-J30J21"
"1006-0111","1-TM-BIN_MASTER-177","Spare Parts","Ground","Medium","999999","99999","Generic","","","1-J30J21"
"1006-0113","1-TM-BIN_MASTER-178","Spare Parts","Ground","Medium","999999","99999","Generic","","","1-J30J21"
"1006-0115","1-TM-BIN_MASTER-179","Spare Parts","Ground","Medium","999999","99999","Generic","","","1-J30J21"
"1006-0117","1-TM-BIN_MASTER-180","Spare Parts","Ground","Medium","999999","99999","Generic","","","1-J30J21"
"1006-0123","1-TM-BIN_MASTER-181","Spare Parts","Ground","Medium","999999","99999","Generic","","","1-J30J21"
"1006-0133","1-TM-BIN_MASTER-182","Spare Parts","Ground","Medium","999999","99999","Generic","","","1-J30J21"
"1006-0135","1-TM-BIN_MASTER-183","Spare Parts","Ground","Medium","999999","99999","Generic","","","1-J30J21"
"1006-0137","1-TM-BIN_MASTER-184","Spare Parts","Ground","Medium","999999","99999","Generic","","","1-J30J21"
"1006-0151","1-TM-BIN_MASTER-185","Spare Parts","Ground","Medium","999999","99999","Generic","","","1-J30J21"
"1006-0153","1-TM-BIN_MASTER-186","Spare Parts","Ground","Medium","999999","99999","Generic","","","1-J30J21"
"1006-0155","1-TM-BIN_MASTER-187","Spare Parts","Ground","Medium","999999","99999","Generic","","","1-J30J21"
"1006-0157","1-TM-BIN_MASTER-188","Spare Parts","Ground","Medium","999999","99999","Generic","","","1-J30J21"
"1006-0171","1-TM-BIN_MASTER-189","Spare Parts","Ground","Medium","999999","99999","Generic","","","1-J30J21"
"1006-0173","1-TM-BIN_MASTER-190","Spare Parts","Ground","Medium","999999","99999","Generic","","","1-J30J21"
"1006-0175","1-TM-BIN_MASTER-191","Spare Parts","Ground","Medium","999999","99999","Generic","","","1-J30J21"
"1006-0177","1-TM-BIN_MASTER-192","Spare Parts","Ground","Medium","999999","99999","Generic","","","1-J30J21"
"1006-0191","1-TM-BIN_MASTER-193","Spare Parts","Ground","Medium","999999","99999","Generic","","","1-J30J21"
"1006-0193","1-TM-BIN_MASTER-194","Spare Parts","Ground","Medium","999999","99999","Generic","","","1-J30J21"
"1006-0195","1-TM-BIN_MASTER-195","Spare Parts","Ground","Medium","999999","99999","Generic","","","1-J30J21"
"1006-0197","1-TM-BIN_MASTER-196","Spare Parts","Ground","Medium","999999","99999","Generic","","","1-J30J21"
"1006-0200","1-TM-BIN_MASTER-197","Spare Parts","Ground","Medium","999999","99999","Generic","","","1-J30J21"
"1006-0211","1-TM-BIN_MASTER-198","Spare Parts","Ground","Medium","999999","99999","Generic","","","1-J30J21"
"1006-0213","1-TM-BIN_MASTER-199","Spare Parts","Ground","Medium","999999","99999","Generic","","","1-J30J21"
"1006-0215","1-TM-BIN_MASTER-200","Spare Parts","Ground","Medium","999999","99999","Generic","","","1-J30J21"
"1006-0217","1-TM-BIN_MASTER-201","Spare Parts","Ground","Medium","999999","99999","Generic","","","1-J30J21"
"1006-0231","1-TM-BIN_MASTER-202","Spare Parts","Ground","Medium","999999","99999","Generic","","","1-J30J21"
"1006-0233","1-TM-BIN_MASTER-203","Spare Parts","Ground","Medium","999999","99999","Generic","","","1-J30J21"
"1006-0235","1-TM-BIN_MASTER-204","Spare Parts","Ground","Medium","999999","99999","Generic","","","1-J30J21"
"1006-0237","1-TM-BIN_MASTER-205","Spare Parts","Ground","Medium","999999","99999","Generic","","","1-J30J21"
"1006-0251","1-TM-BIN_MASTER-206","Spare Parts","Ground","Medium","999999","99999","Generic","","","1-J30J21"
"1006-0253","1-TM-BIN_MASTER-207","Spare Parts","Ground","Medium","999999","99999","Generic","","","1-J30J21"
"1006-0255","1-TM-BIN_MASTER-208","Spare Parts","Ground","Medium","999999","99999","Generic","","","1-J30J21"
"1006-0257","1-TM-BIN_MASTER-209","Spare Parts","Ground","Medium","999999","99999","Generic","","","1-J30J21"
"1006-0271","1-TM-BIN_MASTER-210","Spare Parts","Ground","Medium","999999","99999","Generic","","","1-J30J21"
"1006-0273","1-TM-BIN_MASTER-211","Spare Parts","Ground","Medium","999999","99999","Generic","","","1-J30J21"
"1006-0275","1-TM-BIN_MASTER-212","Spare Parts","Ground","Medium","999999","99999","Generic","","","1-J30J21"
"1006-0277","1-TM-BIN_MASTER-213","Spare Parts","Ground","Medium","999999","99999","Generic","","","1-J30J21"
"1006-0291","1-TM-BIN_MASTER-214","Spare Parts","Ground","Medium","999999","99999","Generic","","","1-J30J21"
"1006-0293","1-TM-BIN_MASTER-215","Spare Parts","Ground","Medium","999999","99999","Generic","","","1-J30J21"
"1006-0295","1-TM-BIN_MASTER-216","Spare Parts","Ground","Medium","999999","99999","Generic","","","1-J30J21"
"1006-0300","1-TM-BIN_MASTER-217","Spare Parts","Ground","Medium","999999","99999","Generic","","","1-J30J21"
"1006-0311","1-TM-BIN_MASTER-218","Spare Parts","Ground","Medium","999999","99999","Generic","","","1-J30J21"
"1006-0313","1-TM-BIN_MASTER-219","Spare Parts","Ground","Medium","999999","99999","Generic","","","1-J30J21"
"1006-0315","1-TM-BIN_MASTER-220","Spare Parts","Ground","Medium","999999","99999","Generic","","","1-J30J21"
"1006-0317","1-TM-BIN_MASTER-221","Spare Parts","Ground","Medium","999999","99999","Generic","","","1-J30J21"
"1006-0331","1-TM-BIN_MASTER-222","Spare Parts","Ground","Medium","999999","99999","Generic","","","1-J30J21"
"1006-0333","1-TM-BIN_MASTER-223","Spare Parts","Ground","Medium","999999","99999","Generic","","","1-J30J21"
"1006-0337","1-TM-BIN_MASTER-224","Spare Parts","Ground","Medium","999999","99999","Generic","","","1-J30J21"
"1006-0338","1-TM-BIN_MASTER-225","Spare Parts","Ground","Medium","999999","99999","Generic","","","1-J30J21"
"1006-0351","1-TM-BIN_MASTER-226","Spare Parts","Ground","Medium","999999","99999","Generic","","","1-J30J21"
"1006-0353","1-TM-BIN_MASTER-227","Spare Parts","Ground","Medium","999999","99999","Generic","","","1-J30J21"
"1006-0355","1-TM-BIN_MASTER-228","Spare Parts","Ground","Medium","999999","99999","Generic","","","1-J30J21"
"1006-0357","1-TM-BIN_MASTER-229","Spare Parts","Ground","Medium","999999","99999","Generic","","","1-J30J21"
"1006-0371","1-TM-BIN_MASTER-230","Spare Parts","Ground","Medium","999999","99999","Generic","","","1-J30J21"
"1006-0373","1-TM-BIN_MASTER-231","Spare Parts","Ground","Medium","999999","99999","Generic","","","1-J30J21"
"1006-0375","1-TM-BIN_MASTER-232","Spare Parts","Ground","Medium","999999","99999","Generic","","","1-J30J21"
"1006-0377","1-TM-BIN_MASTER-233","Spare Parts","Ground","Medium","999999","99999","Generic","","","1-J30J21"
"1006-0391","1-TM-BIN_MASTER-234","Spare Parts","Ground","Medium","999999","99999","Generic","","","1-J30J21"
"1006-0397","1-TM-BIN_MASTER-235","Spare Parts","Ground","Medium","999999","99999","Generic","","","1-J30J21"
"1006-0400","1-TM-BIN_MASTER-236","Spare Parts","Ground","Medium","999999","99999","Generic","","","1-J30J21"
"1006-0401","1-TM-BIN_MASTER-237","Spare Parts","Ground","Medium","999999","99999","Generic","","","1-J30J21"
"1006-0403","1-TM-BIN_MASTER-238","Spare Parts","Ground","Medium","999999","99999","Generic","","","1-J30J21"
"1006-0405","1-TM-BIN_MASTER-239","Spare Parts","Ground","Medium","999999","99999","Generic","","","1-J30J21"
"1006-0407","1-TM-BIN_MASTER-240","Spare Parts","Ground","Medium","999999","99999","Generic","","","1-J30J21"
"1006-0411","1-TM-BIN_MASTER-241","Spare Parts","Ground","Medium","999999","99999","Generic","","","1-J30J21"
"1006-0413","1-TM-BIN_MASTER-242","Spare Parts","Ground","Medium","999999","99999","Generic","","","1-J30J21"
"1006-0414","1-TM-BIN_MASTER-243","Spare Parts","Ground","Medium","999999","99999","Generic","","","1-J30J21"
"1006-0415","1-TM-BIN_MASTER-244","Spare Parts","Ground","Medium","999999","99999","Generic","","","1-J30J21"
"1006-0421","1-TM-BIN_MASTER-245","Spare Parts","Ground","Medium","999999","99999","Generic","","","1-J30J21"
"1006-0423","1-TM-BIN_MASTER-246","Spare Parts","Ground","Medium","999999","99999","Generic","","","1-J30J21"
"1006-0425","1-TM-BIN_MASTER-247","Spare Parts","Ground","Medium","999999","99999","Generic","","","1-J30J21"
"1006-0427","1-TM-BIN_MASTER-248","Spare Parts","Ground","Medium","999999","99999","Generic","","","1-J30J21"
"1006-0431","1-TM-BIN_MASTER-249","Spare Parts","Ground","Medium","999999","99999","Generic","","","1-J30J21"
"1006-0433","1-TM-BIN_MASTER-250","Spare Parts","Ground","Medium","999999","99999","Generic","","","1-J30J21"
"1006-0435","1-TM-BIN_MASTER-251","Spare Parts","Ground","Medium","999999","99999","Generic","","","1-J30J21"
"1006-0437","1-TM-BIN_MASTER-252","Spare Parts","Ground","Medium","999999","99999","Generic","","","1-J30J21"
"1006-0443","1-TM-BIN_MASTER-253","Spare Parts","Ground","Medium","999999","99999","Generic","","","1-J30J21"
"1006-0445","1-TM-BIN_MASTER-254","Spare Parts","Ground","Medium","999999","99999","Generic","","","1-J30J21"
"1006-0511","1-TM-BIN_MASTER-255","Spare Parts","Ground","Medium","999999","99999","Generic","","","1-J30J21"
"10060511(BOX)","1-TM-BIN_MASTER-256","Spare Parts","Ground","Medium","999999","99999","Generic","","","1-J30J21"
"1006-0520","1-TM-BIN_MASTER-257","Spare Parts","Ground","Medium","999999","99999","Generic","","","1-J30J21"
"1006-0521","1-TM-BIN_MASTER-258","Spare Parts","Ground","Medium","999999","99999","Generic","","","1-J30J21"
"1006-0531","1-TM-BIN_MASTER-259","Spare Parts","Ground","Medium","999999","99999","Generic","","","1-J30J21"
"1006-0541","1-TM-BIN_MASTER-260","Spare Parts","Ground","Medium","999999","99999","Generic","","","1-J30J21"
"1006-0551","1-TM-BIN_MASTER-261","Spare Parts","Ground","Medium","999999","99999","Generic","","","1-J30J21"
"1006-0561","1-TM-BIN_MASTER-262","Spare Parts","Ground","Medium","999999","99999","Generic","","","1-J30J21"
"1006-0571","1-TM-BIN_MASTER-263","Spare Parts","Ground","Medium","999999","99999","Generic","","","1-J30J21"
"1006-0581","1-TM-BIN_MASTER-264","Spare Parts","Ground","Medium","999999","99999","Generic","","","1-J30J21"
"1006-0591","1-TM-BIN_MASTER-265","Spare Parts","Ground","Medium","999999","99999","Generic","","","1-J30J21"
"1006-0593","1-TM-BIN_MASTER-266","Spare Parts","Ground","Medium","999999","99999","Generic","","","1-J30J21"
"1006-6123","1-TM-BIN_MASTER-267","Spare Parts","Ground","Medium","999999","99999","Generic","","","1-J30J21"
"1006-6131","1-TM-BIN_MASTER-268","Spare Parts","Ground","Medium","999999","99999","Generic","","","1-J30J21"
"2002-0100","1-TM-BIN_MASTER-269","Spare Parts","First","Medium","999999","99999","Generic","","","1-J30J21"
"2002-0111","1-TM-BIN_MASTER-270","Spare Parts","First","Medium","999999","99999","Generic","","","1-J30J21"
"2002-0171","1-TM-BIN_MASTER-271","Spare Parts","First","Medium","999999","99999","Generic","","","1-J30J21"
"2002-0200","1-TM-BIN_MASTER-272","Spare Parts","First","Medium","999999","99999","Generic","","","1-J30J21"
"2002-0201","1-TM-BIN_MASTER-273","Spare Parts","First","Medium","999999","99999","Generic","","","1-J30J21"
"2002-0205","1-TM-BIN_MASTER-274","Spare Parts","First","Medium","999999","99999","Generic","","","1-J30J21"
"2002-0211","1-TM-BIN_MASTER-275","Spare Parts","First","Medium","999999","99999","Generic","","","1-J30J21"
"2002-0215","1-TM-BIN_MASTER-276","Spare Parts","First","Medium","999999","99999","Generic","","","1-J30J21"
"2002-0221","1-TM-BIN_MASTER-277","Spare Parts","First","Medium","999999","99999","Generic","","","1-J30J21"
"2002-0225","1-TM-BIN_MASTER-278","Spare Parts","First","Medium","999999","99999","Generic","","","1-J30J21"
"2002-0231","1-TM-BIN_MASTER-279","Spare Parts","First","Medium","999999","99999","Generic","","","1-J30J21"
"2002-0235","1-TM-BIN_MASTER-280","Spare Parts","First","Medium","999999","99999","Generic","","","1-J30J21"
"2002-0241","1-TM-BIN_MASTER-281","Spare Parts","First","Medium","999999","99999","Generic","","","1-J30J21"
"2002-0245","1-TM-BIN_MASTER-282","Spare Parts","First","Medium","999999","99999","Generic","","","1-J30J21"
"2002-0251","1-TM-BIN_MASTER-283","Spare Parts","First","Medium","999999","99999","Generic","","","1-J30J21"
"2002-0255","1-TM-BIN_MASTER-284","Spare Parts","First","Medium","999999","99999","Generic","","","1-J30J21"
"2002-0261","1-TM-BIN_MASTER-285","Spare Parts","First","Medium","999999","99999","Generic","","","1-J30J21"
"2002-0265","1-TM-BIN_MASTER-286","Spare Parts","First","Medium","999999","99999","Generic","","","1-J30J21"
"2002-0300","1-TM-BIN_MASTER-287","Spare Parts","First","Medium","999999","99999","Generic","","","1-J30J21"
"2002-0311","1-TM-BIN_MASTER-288","Spare Parts","First","Medium","999999","99999","Generic","","","1-J30J21"
"2002-0315","1-TM-BIN_MASTER-289","Spare Parts","First","Medium","999999","99999","Generic","","","1-J30J21"
"2002-0321","1-TM-BIN_MASTER-290","Spare Parts","First","Medium","999999","99999","Generic","","","1-J30J21"
"2002-0325","1-TM-BIN_MASTER-291","Spare Parts","First","Medium","999999","99999","Generic","","","1-J30J21"
"2002-0331","1-TM-BIN_MASTER-292","Spare Parts","First","Medium","999999","99999","Generic","","","1-J30J21"
"2002-0351","1-TM-BIN_MASTER-293","Spare Parts","First","Medium","999999","99999","Generic","","","1-J30J21"
"2002-0361","1-TM-BIN_MASTER-294","Spare Parts","First","Medium","999999","99999","Generic","","","1-J30J21"
"2002-0371","1-TM-BIN_MASTER-295","Spare Parts","First","Medium","999999","99999","Generic","","","1-J30J21"
"2002-0375","1-TM-BIN_MASTER-296","Spare Parts","First","Medium","999999","99999","Generic","","","1-J30J21"
"2002-0381","1-TM-BIN_MASTER-297","Spare Parts","First","Medium","999999","99999","Generic","","","1-J30J21"
"2002-0385","1-TM-BIN_MASTER-298","Spare Parts","First","Medium","999999","99999","Generic","","","1-J30J21"
"2002-0391","1-TM-BIN_MASTER-299","Spare Parts","First","Medium","999999","99999","Generic","","","1-J30J21"
"2002-0395","1-TM-BIN_MASTER-300","Spare Parts","First","Medium","999999","99999","Generic","","","1-J30J21"
"2002-0405","1-TM-BIN_MASTER-301","Spare Parts","First","Medium","999999","99999","Generic","","","1-J30J21"
"2002-0411","1-TM-BIN_MASTER-302","Spare Parts","First","Medium","999999","99999","Generic","","","1-J30J21"
"2002-0415","1-TM-BIN_MASTER-303","Spare Parts","First","Medium","999999","99999","Generic","","","1-J30J21"
"2002-0425","1-TM-BIN_MASTER-304","Spare Parts","First","Medium","999999","99999","Generic","","","1-J30J21"
"2002-0445","1-TM-BIN_MASTER-305","Spare Parts","First","Medium","999999","99999","Generic","","","1-J30J21"
"2002-0465","1-TM-BIN_MASTER-306","Spare Parts","First","Medium","999999","99999","Generic","","","1-J30J21"
"2002-0471","1-TM-BIN_MASTER-307","Spare Parts","First","Medium","999999","99999","Generic","","","1-J30J21"
"2002-0475","1-TM-BIN_MASTER-308","Spare Parts","First","Medium","999999","99999","Generic","","","1-J30J21"
"2002-0485","1-TM-BIN_MASTER-309","Spare Parts","First","Medium","999999","99999","Generic","","","1-J30J21"
"2002-0491","1-TM-BIN_MASTER-310","Spare Parts","First","Medium","999999","99999","Generic","","","1-J30J21"
"2002-0495","1-TM-BIN_MASTER-311","Spare Parts","First","Medium","999999","99999","Generic","","","1-J30J21"
"2003-0100","1-TM-BIN_MASTER-312","Spare Parts","First","Medium","999999","99999","Generic","","","1-J30J21"
"2003-0111","1-TM-BIN_MASTER-313","Spare Parts","First","Medium","999999","99999","Generic","","","1-J30J21"
"2003-0113","1-TM-BIN_MASTER-314","Spare Parts","First","Medium","999999","99999","Generic","","","1-J30J21"
"2003-0115","1-TM-BIN_MASTER-315","Spare Parts","First","Medium","999999","99999","Generic","","","1-J30J21"
"2003-0117","1-TM-BIN_MASTER-316","Spare Parts","First","Medium","999999","99999","Generic","","","1-J30J21"
"2003-0131","1-TM-BIN_MASTER-317","Spare Parts","First","Medium","999999","99999","Generic","","","1-J30J21"
"2003-0133","1-TM-BIN_MASTER-318","Spare Parts","First","Medium","999999","99999","Generic","","","1-J30J21"
"2003-0135","1-TM-BIN_MASTER-319","Spare Parts","First","Medium","999999","99999","Generic","","","1-J30J21"
"2003-0137","1-TM-BIN_MASTER-320","Spare Parts","First","Medium","999999","99999","Generic","","","1-J30J21"
"2003-0151","1-TM-BIN_MASTER-321","Spare Parts","First","Medium","999999","99999","Generic","","","1-J30J21"
"2003-0153","1-TM-BIN_MASTER-322","Spare Parts","First","Medium","999999","99999","Generic","","","1-J30J21"
"2003-0155","1-TM-BIN_MASTER-323","Spare Parts","First","Medium","999999","99999","Generic","","","1-J30J21"
"2003-0157","1-TM-BIN_MASTER-324","Spare Parts","First","Medium","999999","99999","Generic","","","1-J30J21"
"2003-0171","1-TM-BIN_MASTER-325","Spare Parts","First","Medium","999999","99999","Generic","","","1-J30J21"
"2003-0173","1-TM-BIN_MASTER-326","Spare Parts","First","Medium","999999","99999","Generic","","","1-J30J21"
"2003-0175","1-TM-BIN_MASTER-327","Spare Parts","First","Medium","999999","99999","Generic","","","1-J30J21"
"2003-0177","1-TM-BIN_MASTER-328","Spare Parts","First","Medium","999999","99999","Generic","","","1-J30J21"
"2003-0191","1-TM-BIN_MASTER-329","Spare Parts","First","Medium","999999","99999","Generic","","","1-J30J21"
"2003-0193","1-TM-BIN_MASTER-330","Spare Parts","First","Medium","999999","99999","Generic","","","1-J30J21"
"2003-0195","1-TM-BIN_MASTER-331","Spare Parts","First","Medium","999999","99999","Generic","","","1-J30J21"
"2003-0197","1-TM-BIN_MASTER-332","Spare Parts","First","Medium","999999","99999","Generic","","","1-J30J21"
"2003-0201","1-TM-BIN_MASTER-333","Spare Parts","First","Medium","999999","99999","Generic","","","1-J30J21"
"2003-0231","1-TM-BIN_MASTER-334","Spare Parts","First","Medium","999999","99999","Generic","","","1-J30J21"
"2003-0291","1-TM-BIN_MASTER-335","Spare Parts","First","Medium","999999","99999","Generic","","","1-J30J21"
"2003-0400","1-TM-BIN_MASTER-336","Spare Parts","First","Medium","999999","99999","Generic","","","1-J30J21"
"2003-0411","1-TM-BIN_MASTER-337","Spare Parts","First","Medium","999999","99999","Generic","","","1-J30J21"
"2003-0431","1-TM-BIN_MASTER-338","Spare Parts","First","Medium","999999","99999","Generic","","","1-J30J21"
"2003-0471","1-TM-BIN_MASTER-339","Spare Parts","First","Medium","999999","99999","Generic","","","1-J30J21"
"2004-0100","1-TM-BIN_MASTER-340","Spare Parts","First","Medium","999999","99999","Generic","","","1-J30J21"
"2004-0101","1-TM-BIN_MASTER-341","Spare Parts","First","Medium","999999","99999","Generic","","","1-J30J21"
"2004-0111","1-TM-BIN_MASTER-342","Spare Parts","First","Medium","999999","99999","Generic","","","1-J30J21"
"2004-0121","1-TM-BIN_MASTER-343","Spare Parts","First","Medium","999999","99999","Generic","","","1-J30J21"
"2004-0131","1-TM-BIN_MASTER-344","Spare Parts","First","Medium","999999","99999","Generic","","","1-J30J21"
"2004-0141","1-TM-BIN_MASTER-345","Spare Parts","First","Medium","999999","99999","Generic","","","1-J30J21"
"2004-0151","1-TM-BIN_MASTER-346","Spare Parts","First","Medium","999999","99999","Generic","","","1-J30J21"
"2004-0161","1-TM-BIN_MASTER-347","Spare Parts","First","Medium","999999","99999","Generic","","","1-J30J21"
"2004-0171","1-TM-BIN_MASTER-348","Spare Parts","First","Medium","999999","99999","Generic","","","1-J30J21"
"2004-0181","1-TM-BIN_MASTER-349","Spare Parts","First","Medium","999999","99999","Generic","","","1-J30J21"
"2004-0191","1-TM-BIN_MASTER-350","Spare Parts","First","Medium","999999","99999","Generic","","","1-J30J21"
"2004-0200","1-TM-BIN_MASTER-351","Spare Parts","First","Medium","999999","99999","Generic","","","1-J30J21"
"2004-0201","1-TM-BIN_MASTER-352","Spare Parts","First","Medium","999999","99999","Generic","","","1-J30J21"
"2004-0211","1-TM-BIN_MASTER-353","Spare Parts","First","Medium","999999","99999","Generic","","","1-J30J21"
"2004-0221","1-TM-BIN_MASTER-354","Spare Parts","First","Medium","999999","99999","Generic","","","1-J30J21"
"2004-0231","1-TM-BIN_MASTER-355","Spare Parts","First","Medium","999999","99999","Generic","","","1-J30J21"
"2004-0241","1-TM-BIN_MASTER-356","Spare Parts","First","Medium","999999","99999","Generic","","","1-J30J21"
"2004-0251","1-TM-BIN_MASTER-357","Spare Parts","First","Medium","999999","99999","Generic","","","1-J30J21"
"2004-0261","1-TM-BIN_MASTER-358","Spare Parts","First","Medium","999999","99999","Generic","","","1-J30J21"
"2004-0271","1-TM-BIN_MASTER-359","Spare Parts","First","Medium","999999","99999","Generic","","","1-J30J21"
"2004-0281","1-TM-BIN_MASTER-360","Spare Parts","First","Medium","999999","99999","Generic","","","1-J30J21"
"2004-0291","1-TM-BIN_MASTER-361","Spare Parts","First","Medium","999999","99999","Generic","","","1-J30J21"
"2004-0300","1-TM-BIN_MASTER-362","Spare Parts","First","Medium","999999","99999","Generic","","","1-J30J21"
"2004-0301","1-TM-BIN_MASTER-363","Spare Parts","First","Medium","999999","99999","Generic","","","1-J30J21"
"2004-0321","1-TM-BIN_MASTER-364","Spare Parts","First","Medium","999999","99999","Generic","","","1-J30J21"
"2004-0331","1-TM-BIN_MASTER-365","Spare Parts","First","Medium","999999","99999","Generic","","","1-J30J21"
"2004-0351","1-TM-BIN_MASTER-366","Spare Parts","First","Medium","999999","99999","Generic","","","1-J30J21"
"2004-0361","1-TM-BIN_MASTER-367","Spare Parts","First","Medium","999999","99999","Generic","","","1-J30J21"
"2004-0371","1-TM-BIN_MASTER-368","Spare Parts","First","Medium","999999","99999","Generic","","","1-J30J21"
"2004-0381","1-TM-BIN_MASTER-369","Spare Parts","First","Medium","999999","99999","Generic","","","1-J30J21"
"2004-0411","1-TM-BIN_MASTER-370","Spare Parts","First","Medium","999999","99999","Generic","","","1-J30J21"
"2004-0471","1-TM-BIN_MASTER-371","Spare Parts","First","Medium","999999","99999","Generic","","","1-J30J21"
"2004-0475","1-TM-BIN_MASTER-372","Spare Parts","First","Medium","999999","99999","Generic","","","1-J30J21"
"2004-0491","1-TM-BIN_MASTER-373","Spare Parts","First","Medium","999999","99999","Generic","","","1-J30J21"
"2004-4411","1-TM-BIN_MASTER-374","Spare Parts","First","Medium","999999","99999","Generic","","","1-J30J21"
"2005-0100","1-TM-BIN_MASTER-375","Spare Parts","First","Medium","999999","99999","Generic","","","1-J30J21"
"2005-0111","1-TM-BIN_MASTER-376","Spare Parts","First","Medium","999999","99999","Generic","","","1-J30J21"
"2005-0113","1-TM-BIN_MASTER-377","Spare Parts","First","Medium","999999","99999","Generic","","","1-J30J21"
"2005-0115","1-TM-BIN_MASTER-378","Spare Parts","First","Medium","999999","99999","Generic","","","1-J30J21"
"2005-0117","1-TM-BIN_MASTER-379","Spare Parts","First","Medium","999999","99999","Generic","","","1-J30J21"
"2005-0131","1-TM-BIN_MASTER-380","Spare Parts","First","Medium","999999","99999","Generic","","","1-J30J21"
"2005-0133","1-TM-BIN_MASTER-381","Spare Parts","First","Medium","999999","99999","Generic","","","1-J30J21"
"2005-0135","1-TM-BIN_MASTER-382","Spare Parts","First","Medium","999999","99999","Generic","","","1-J30J21"
"2005-0137","1-TM-BIN_MASTER-383","Spare Parts","First","Medium","999999","99999","Generic","","","1-J30J21"
"2005-0151","1-TM-BIN_MASTER-384","Spare Parts","First","Medium","999999","99999","Generic","","","1-J30J21"
"2005-0153","1-TM-BIN_MASTER-385","Spare Parts","First","Medium","999999","99999","Generic","","","1-J30J21"
"2005-0155","1-TM-BIN_MASTER-386","Spare Parts","First","Medium","999999","99999","Generic","","","1-J30J21"
"2005-0157","1-TM-BIN_MASTER-387","Spare Parts","First","Medium","999999","99999","Generic","","","1-J30J21"
"2005-0171","1-TM-BIN_MASTER-388","Spare Parts","First","Medium","999999","99999","Generic","","","1-J30J21"
"2005-0173","1-TM-BIN_MASTER-389","Spare Parts","First","Medium","999999","99999","Generic","","","1-J30J21"
"2005-0175","1-TM-BIN_MASTER-390","Spare Parts","First","Medium","999999","99999","Generic","","","1-J30J21"
"2005-0177","1-TM-BIN_MASTER-391","Spare Parts","First","Medium","999999","99999","Generic","","","1-J30J21"
"2005-0191","1-TM-BIN_MASTER-392","Spare Parts","First","Medium","999999","99999","Generic","","","1-J30J21"
"2005-0193","1-TM-BIN_MASTER-393","Spare Parts","First","Medium","999999","99999","Generic","","","1-J30J21"
"2005-0195","1-TM-BIN_MASTER-394","Spare Parts","First","Medium","999999","99999","Generic","","","1-J30J21"
"2005-0197","1-TM-BIN_MASTER-395","Spare Parts","First","Medium","999999","99999","Generic","","","1-J30J21"
"2005-0200","1-TM-BIN_MASTER-396","Spare Parts","First","Medium","999999","99999","Generic","","","1-J30J21"
"2005-0211","1-TM-BIN_MASTER-397","Spare Parts","First","Medium","999999","99999","Generic","","","1-J30J21"
"2005-0213","1-TM-BIN_MASTER-398","Spare Parts","First","Medium","999999","99999","Generic","","","1-J30J21"
"2005-0215","1-TM-BIN_MASTER-399","Spare Parts","First","Medium","999999","99999","Generic","","","1-J30J21"
"2005-0217","1-TM-BIN_MASTER-400","Spare Parts","First","Medium","999999","99999","Generic","","","1-J30J21"
"2005-0231","1-TM-BIN_MASTER-401","Spare Parts","First","Medium","999999","99999","Generic","","","1-J30J21"
"2005-0233","1-TM-BIN_MASTER-402","Spare Parts","First","Medium","999999","99999","Generic","","","1-J30J21"
"2005-0235","1-TM-BIN_MASTER-403","Spare Parts","First","Medium","999999","99999","Generic","","","1-J30J21"
"2005-0237","1-TM-BIN_MASTER-404","Spare Parts","First","Medium","999999","99999","Generic","","","1-J30J21"
"2005-0251","1-TM-BIN_MASTER-405","Spare Parts","First","Medium","999999","99999","Generic","","","1-J30J21"
"2005-0253","1-TM-BIN_MASTER-406","Spare Parts","First","Medium","999999","99999","Generic","","","1-J30J21"
"2005-0255","1-TM-BIN_MASTER-407","Spare Parts","First","Medium","999999","99999","Generic","","","1-J30J21"
"2005-0257","1-TM-BIN_MASTER-408","Spare Parts","First","Medium","999999","99999","Generic","","","1-J30J21"
"2005-0271","1-TM-BIN_MASTER-409","Spare Parts","First","Medium","999999","99999","Generic","","","1-J30J21"
"2005-0273","1-TM-BIN_MASTER-410","Spare Parts","First","Medium","999999","99999","Generic","","","1-J30J21"
"2005-0275","1-TM-BIN_MASTER-411","Spare Parts","First","Medium","999999","99999","Generic","","","1-J30J21"
"2005-0277","1-TM-BIN_MASTER-412","Spare Parts","First","Medium","999999","99999","Generic","","","1-J30J21"
"2005-0291","1-TM-BIN_MASTER-413","Spare Parts","First","Medium","999999","99999","Generic","","","1-J30J21"
"2005-0293","1-TM-BIN_MASTER-414","Spare Parts","First","Medium","999999","99999","Generic","","","1-J30J21"
"2005-0295","1-TM-BIN_MASTER-415","Spare Parts","First","Medium","999999","99999","Generic","","","1-J30J21"
"2005-0297","1-TM-BIN_MASTER-416","Spare Parts","First","Medium","999999","99999","Generic","","","1-J30J21"
"2005-0300","1-TM-BIN_MASTER-417","Spare Parts","First","Medium","999999","99999","Generic","","","1-J30J21"
"2005-0351","1-TM-BIN_MASTER-418","Spare Parts","First","Medium","999999","99999","Generic","","","1-J30J21"
"2005-0391","1-TM-BIN_MASTER-419","Spare Parts","First","Medium","999999","99999","Generic","","","1-J30J21"
"2005-0411","1-TM-BIN_MASTER-420","Spare Parts","First","Medium","999999","99999","Generic","","","1-J30J21"
"2005-0415","1-TM-BIN_MASTER-421","Spare Parts","First","Medium","999999","99999","Generic","","","1-J30J21"
"2005-0431","1-TM-BIN_MASTER-422","Spare Parts","First","Medium","999999","99999","Generic","","","1-J30J21"
"2005-0435","1-TM-BIN_MASTER-423","Spare Parts","First","Medium","999999","99999","Generic","","","1-J30J21"
"2005-0451","1-TM-BIN_MASTER-424","Spare Parts","First","Medium","999999","99999","Generic","","","1-J30J21"
"2005-0455","1-TM-BIN_MASTER-425","Spare Parts","First","Medium","999999","99999","Generic","","","1-J30J21"
"2005-0471","1-TM-BIN_MASTER-426","Spare Parts","First","Medium","999999","99999","Generic","","","1-J30J21"
"2005-0491","1-TM-BIN_MASTER-427","Spare Parts","First","Medium","999999","99999","Generic","","","1-J30J21"
"2005-0495","1-TM-BIN_MASTER-428","Spare Parts","First","Medium","999999","99999","Generic","","","1-J30J21"
"2006-0123","1-TM-BIN_MASTER-429","Spare Parts","First","Medium","999999","99999","Generic","","","1-J30J21"
"2006-0400","1-TM-BIN_MASTER-430","Spare Parts","First","Medium","999999","99999","Generic","","","1-J30J21"
"2006-0401","1-TM-BIN_MASTER-431","Spare Parts","First","Medium","999999","99999","Generic","","","1-J30J21"
"2006-0405","1-TM-BIN_MASTER-432","Spare Parts","First","Medium","999999","99999","Generic","","","1-J30J21"
"2006-0411","1-TM-BIN_MASTER-433","Spare Parts","First","Medium","999999","99999","Generic","","","1-J30J21"
"2006-0415","1-TM-BIN_MASTER-434","Spare Parts","First","Medium","999999","99999","Generic","","","1-J30J21"
"2006-0425","1-TM-BIN_MASTER-435","Spare Parts","First","Medium","999999","99999","Generic","","","1-J30J21"
"2006-0431","1-TM-BIN_MASTER-436","Spare Parts","First","Medium","999999","99999","Generic","","","1-J30J21"
"2006-0451","1-TM-BIN_MASTER-437","Spare Parts","First","Medium","999999","99999","Generic","","","1-J30J21"
"2006-0461","1-TM-BIN_MASTER-438","Spare Parts","First","Medium","999999","99999","Generic","","","1-J30J21"
"2006-0465","1-TM-BIN_MASTER-439","Spare Parts","First","Medium","999999","99999","Generic","","","1-J30J21"
"2006-0475","1-TM-BIN_MASTER-440","Spare Parts","First","Medium","999999","99999","Generic","","","1-J30J21"
"2006-0481","1-TM-BIN_MASTER-441","Spare Parts","First","Medium","999999","99999","Generic","","","1-J30J21"
"2006-0485","1-TM-BIN_MASTER-442","Spare Parts","First","Medium","999999","99999","Generic","","","1-J30J21"
"2006-0491","1-TM-BIN_MASTER-443","Spare Parts","First","Medium","999999","99999","Generic","","","1-J30J21"
"2006-0495","1-TM-BIN_MASTER-444","Spare Parts","First","Medium","999999","99999","Generic","","","1-J30J21"
"2006-0531","1-TM-BIN_MASTER-445","Spare Parts","First","Medium","999999","99999","Generic","","","1-J30J21"
"2006-0545","1-TM-BIN_MASTER-446","Spare Parts","First","Medium","999999","99999","Generic","","","1-J30J21"
"9999-9999","1-TM-BIN_MASTER-447","Spare Parts","Ground","Medium","999999","99999","Generic","","","1-J30J21"
"Accessories","1-TM-BIN_MASTER-448","Spare Parts","Ground","Medium","999999","99999","Generic","","","1-J30J21"
"BOX","1-TM-BIN_MASTER-449","Spare Parts","Ground","Medium","999999","99999","Generic","","","1-J30J21"
"BOX00001","1-TM-BIN_MASTER-450","Spare Parts","Ground","Medium","999999","99999","Generic","","","1-J30J21"
"BOX01","1-TM-BIN_MASTER-451","Spare Parts","Ground","Medium","999999","99999","Generic","","","1-J30J21"
"Consumables","1-TM-BIN_MASTER-452","Spare Parts","Ground","Medium","999999","99999","Generic","","","1-J30J21"
"EQTools","1-TM-BIN_MASTER-453","Spare Parts","Ground","Medium","999999","99999","Generic","","","1-J30J21"
"FLOOR","1-TM-BIN_MASTER-454","Spare Parts","Ground","Medium","999999","99999","Generic","","","1-J30J21"
"Floor Lower","1-TM-BIN_MASTER-455","Spare Parts","Ground","Medium","999999","99999","Generic","","","1-J30J21"
"FLOOR LWR","1-TM-BIN_MASTER-456","Spare Parts","Ground","Medium","999999","99999","Generic","","","1-J30J21"
"FLOOR LWR 1","1-TM-BIN_MASTER-457","Spare Parts","Ground","Medium","999999","99999","Generic","","","1-J30J21"
"FLOOR LWR 2","1-TM-BIN_MASTER-458","Spare Parts","Ground","Medium","999999","99999","Generic","","","1-J30J21"
"FLOOR TABLE","1-TM-BIN_MASTER-459","Spare Parts","Ground","Medium","999999","99999","Generic","","","1-J30J21"
"Gas","1-TM-BIN_MASTER-460","Spare Parts","Ground","Medium","999999","99999","Generic","","","1-J30J21"
"RACK 7","1-TM-BIN_MASTER-461","Spare Parts","Ground","Medium","999999","99999","Generic","","","1-J30J21"
"RACK-0233","1-TM-BIN_MASTER-462","Spare Parts","Ground","Medium","999999","99999","Generic","","","1-J30J21"
"RACK-0337","1-TM-BIN_MASTER-463","Spare Parts","Ground","Medium","999999","99999","Generic","","","1-J30J21"
"RACK04","1-TM-BIN_MASTER-464","Spare Parts","Ground","Medium","999999","99999","Generic","","","1-J30J21"
"RACK7","1-TM-BIN_MASTER-465","Spare Parts","Ground","Medium","999999","99999","Generic","","","1-J30J21"
"RACK8","1-TM-BIN_MASTER-466","Spare Parts","Ground","Medium","999999","99999","Generic","","","1-J30J21"
"RUNGTA","1-TM-BIN_MASTER-467","Spare Parts","Ground","Medium","999999","99999","Generic","","","1-J30J21"
"Show Room Display 002","1-TM-BIN_MASTER-468","Spare Parts","Ground","Medium","999999","99999","Generic","","","1-J30J21"
"Showroom","1-TM-BIN_MASTER-469","Spare Parts","Ground","Medium","999999","99999","Generic","","","1-J30J21"
"TABLE","1-TM-BIN_MASTER-470","Spare Parts","Ground","Medium","999999","99999","Generic","","","1-J30J21"
"TABLE 1","1-TM-BIN_MASTER-471","Spare Parts","Ground","Medium","999999","99999","Generic","","","1-J30J21"
"Tools Room","1-TM-BIN_MASTER-472","Spare Parts","Ground","Medium","999999","99999","Generic","","","1-J30J21"
"Tyres","1-TM-BIN_MASTER-473","Spare Parts","Ground","Medium","999999","99999","Generic","","","1-J30J21"
"UPPER","1-TM-BIN_MASTER-474","Spare Parts","Ground","Medium","999999","99999","Generic","","","1-J30J21"
"Upper Box","1-TM-BIN_MASTER-475","Spare Parts","Ground","Medium","999999","99999","Generic","","","1-J30J21"
"Upper Floor","1-TM-BIN_MASTER-476","Spare Parts","Ground","Medium","999999","99999","Generic","","","1-J30J21"
"UPPER FLOOR BOX","1-TM-BIN_MASTER-477","Spare Parts","Ground","Medium","999999","99999","Generic","","","1-J30J21"
"Upper Floor(Crtn)","1-TM-BIN_MASTER-478","Spare Parts","Ground","Medium","999999","99999","Generic","","","1-J30J21"
"UPPER RACK","1-TM-BIN_MASTER-479","Spare Parts","Ground","Medium","999999","99999","Generic","","","1-J30J21"
