BIN Master Name,BIN Master Id,Area,Floor,BIN Type,Max Quantity,Stock,Type,Dynamic_Flag,Hazardous_Flag,Division,Material Name,Remarks
1001-0100,,Spare Parts,Ground,Medium,999999,,Generic,,,1-J30J21,,
1001-0111,,Spare Parts,Ground,Medium,999999,,Generic,,,1-J30J21,,
1001-0115,,Spare Parts,Ground,Medium,999999,,Generic,,,1-J30J21,,
1001-0131,,Spare Parts,Ground,Medium,999999,,Generic,,,1-J30J21,,
1001-0135,,Spare Parts,Ground,Medium,999999,,Generic,,,1-J30J21,,
1001-0151,,Spare Parts,Ground,Medium,999999,,Generic,,,1-J30J21,,
1001-0155,,Spare Parts,Ground,Medium,999999,,Generic,,,1-J30J21,,
1001-0171,,Spare Parts,Ground,Medium,999999,,Generic,,,1-J30J21,,
1001-0175,,Spare Parts,Ground,Medium,999999,,Generic,,,1-J30J21,,
1001-0191,,Spare Parts,Ground,Medium,999999,,Generic,,,1-J30J21,,
1001-0195,,Spare Parts,Ground,Medium,999999,,Generic,,,1-J30J21,,
1001-0200,,Spare Parts,Ground,Medium,999999,,Generic,,,1-J30J21,,
1001-0211,,Spare Parts,Ground,Medium,999999,,Generic,,,1-J30J21,,
1001-0215,,Spare Parts,Ground,Medium,999999,,Generic,,,1-J30J21,,
1001-0235,,Spare Parts,Ground,Medium,999999,,Generic,,,1-J30J21,,
1001-0251,,Spare Parts,Ground,Medium,999999,,Generic,,,1-J30J21,,
1001-0255,,Spare Parts,Ground,Medium,999999,,Generic,,,1-J30J21,,
1001-0271,,Spare Parts,Ground,Medium,999999,,Generic,,,1-J30J21,,
1001-0275,,Spare Parts,Ground,Medium,999999,,Generic,,,1-J30J21,,
1001-0291,,Spare Parts,Ground,Medium,999999,,Generic,,,1-J30J21,,
1001-0295,,Spare Parts,Ground,Medium,999999,,Generic,,,1-J30J21,,
1001-1271,,Spare Parts,Ground,Medium,999999,,Generic,,,1-J30J21,,
1002-0141,,Spare Parts,Ground,Medium,999999,,Generic,,,1-J30J21,,
1002-0145,,Spare Parts,Ground,Medium,999999,,Generic,,,1-J30J21,,
1002-0175,,Spare Parts,Ground,Medium,999999,,Generic,,,1-J30J21,,
1002-0191,,Spare Parts,Ground,Medium,999999,,Generic,,,1-J30J21,,
1002-0195,,Spare Parts,Ground,Medium,999999,,Generic,,,1-J30J21,,
1002-0200,,Spare Parts,Ground,Medium,999999,,Generic,,,1-J30J21,,
1002-0201,,Spare Parts,Ground,Medium,999999,,Generic,,,1-J30J21,,
1002-0221,,Spare Parts,Ground,Medium,999999,,Generic,,,1-J30J21,,
1002-0231,,Spare Parts,Ground,Medium,999999,,Generic,,,1-J30J21,,
1002-2195,,Spare Parts,Ground,Medium,999999,,Generic,,,1-J30J21,,
1003-0100,,Spare Parts,Ground,Medium,999999,,Generic,,,1-J30J21,,
1003-0111,,Spare Parts,Ground,Medium,999999,,Generic,,,1-J30J21,,
1003-0115,,Spare Parts,Ground,Medium,999999,,Generic,,,1-J30J21,,
1003-0191,,Spare Parts,Ground,Medium,999999,,Generic,,,1-J30J21,,
1003-0200,,Spare Parts,Ground,Medium,999999,,Generic,,,1-J30J21,,
1003-0201,,Spare Parts,Ground,Medium,999999,,Generic,,,1-J30J21,,
1003-0205,,Spare Parts,Ground,Medium,999999,,Generic,,,1-J30J21,,
1003-0211,,Spare Parts,Ground,Medium,999999,,Generic,,,1-J30J21,,
1003-0213,,Spare Parts,Ground,Medium,999999,,Generic,,,1-J30J21,,
1003-0217,,Spare Parts,Ground,Medium,999999,,Generic,,,1-J30J21,,
1003-0221,,Spare Parts,Ground,Medium,999999,,Generic,,,1-J30J21,,
1003-0223,,Spare Parts,Ground,Medium,999999,,Generic,,,1-J30J21,,
1003-0225,,Spare Parts,Ground,Medium,999999,,Generic,,,1-J30J21,,
1003-0231,,Spare Parts,Ground,Medium,999999,,Generic,,,1-J30J21,,
1003-0233,,Spare Parts,Ground,Medium,999999,,Generic,,,1-J30J21,,
1003-0235,,Spare Parts,Ground,Medium,999999,,Generic,,,1-J30J21,,
1003-0237,,Spare Parts,Ground,Medium,999999,,Generic,,,1-J30J21,,
1003-0241,,Spare Parts,Ground,Medium,999999,,Generic,,,1-J30J21,,
1003-0243,,Spare Parts,Ground,Medium,999999,,Generic,,,1-J30J21,,
1003-0245,,Spare Parts,Ground,Medium,999999,,Generic,,,1-J30J21,,
1003-0247,,Spare Parts,Ground,Medium,999999,,Generic,,,1-J30J21,,
1004-0100,,Spare Parts,Ground,Medium,999999,,Generic,,,1-J30J21,,
1004-0111,,Spare Parts,Ground,Medium,999999,,Generic,,,1-J30J21,,
1004-0131,,Spare Parts,Ground,Medium,999999,,Generic,,,1-J30J21,,
1004-0151,,Spare Parts,Ground,Medium,999999,,Generic,,,1-J30J21,,
1004-0171,,Spare Parts,Ground,Medium,999999,,Generic,,,1-J30J21,,
1004-0191,,Spare Parts,Ground,Medium,999999,,Generic,,,1-J30J21,,
10040191(BOX),,Spare Parts,Ground,Medium,999999,,Generic,,,1-J30J21,,
1004-0200,,Spare Parts,Ground,Medium,999999,,Generic,,,1-J30J21,,
1004-0211,,Spare Parts,Ground,Medium,999999,,Generic,,,1-J30J21,,
1004-0231,,Spare Parts,Ground,Medium,999999,,Generic,,,1-J30J21,,
1004-0251,,Spare Parts,Ground,Medium,999999,,Generic,,,1-J30J21,,
1004-0271,,Spare Parts,Ground,Medium,999999,,Generic,,,1-J30J21,,
1004-0291,,Spare Parts,Ground,Medium,999999,,Generic,,,1-J30J21,,
1004-0300,,Spare Parts,Ground,Medium,999999,,Generic,,,1-J30J21,,
1004-0301,,Spare Parts,Ground,Medium,999999,,Generic,,,1-J30J21,,
1004-0305,,Spare Parts,Ground,Medium,999999,,Generic,,,1-J30J21,,
1004-0311,,Spare Parts,Ground,Medium,999999,,Generic,,,1-J30J21,,
1004-0315,,Spare Parts,Ground,Medium,999999,,Generic,,,1-J30J21,,
1004-0316,,Spare Parts,Ground,Medium,999999,,Generic,,,1-J30J21,,
1004-0321,,Spare Parts,Ground,Medium,999999,,Generic,,,1-J30J21,,
1004-0325,,Spare Parts,Ground,Medium,999999,,Generic,,,1-J30J21,,
1004-0331,,Spare Parts,Ground,Medium,999999,,Generic,,,1-J30J21,,
1004-0341,,Spare Parts,Ground,Medium,999999,,Generic,,,1-J30J21,,
1004-0345,,Spare Parts,Ground,Medium,999999,,Generic,,,1-J30J21,,
1004-0351,,Spare Parts,Ground,Medium,999999,,Generic,,,1-J30J21,,
1004-0355,,Spare Parts,Ground,Medium,999999,,Generic,,,1-J30J21,,
1004-0361,,Spare Parts,Ground,Medium,999999,,Generic,,,1-J30J21,,
1004-0365,,Spare Parts,Ground,Medium,999999,,Generic,,,1-J30J21,,
1004-0371,,Spare Parts,Ground,Medium,999999,,Generic,,,1-J30J21,,
1004-0375,,Spare Parts,Ground,Medium,999999,,Generic,,,1-J30J21,,
1004-0381,,Spare Parts,Ground,Medium,999999,,Generic,,,1-J30J21,,
1004-0385,,Spare Parts,Ground,Medium,999999,,Generic,,,1-J30J21,,
1004-0391,,Spare Parts,Ground,Medium,999999,,Generic,,,1-J30J21,,
1004-0395,,Spare Parts,Ground,Medium,999999,,Generic,,,1-J30J21,,
1004-0400,,Spare Parts,Ground,Medium,999999,,Generic,,,1-J30J21,,
1004-0415,,Spare Parts,Ground,Medium,999999,,Generic,,,1-J30J21,,
1004-0445,,Spare Parts,Ground,Medium,999999,,Generic,,,1-J30J21,,
1004-4151,,Spare Parts,Ground,Medium,999999,,Generic,,,1-J30J21,,
1004-4191,,Spare Parts,Ground,Medium,999999,,Generic,,,1-J30J21,,
1004-4231,,Spare Parts,Ground,Medium,999999,,Generic,,,1-J30J21,,
1004-4395,,Spare Parts,Ground,Medium,999999,,Generic,,,1-J30J21,,
1004-BOX),,Spare Parts,Ground,Medium,999999,,Generic,,,1-J30J21,,
1005-0100,,Spare Parts,Ground,Medium,999999,,Generic,,,1-J30J21,,
10050100(Box),,Spare Parts,Ground,Medium,999999,,Generic,,,1-J30J21,,
1005-0111,,Spare Parts,Ground,Medium,999999,,Generic,,,1-J30J21,,
1005-0131,,Spare Parts,Ground,Medium,999999,,Generic,,,1-J30J21,,
1005-0151,,Spare Parts,Ground,Medium,999999,,Generic,,,1-J30J21,,
1005-0191,,Spare Parts,Ground,Medium,999999,,Generic,,,1-J30J21,,
1005-0200,,Spare Parts,Ground,Medium,999999,,Generic,,,1-J30J21,,
1005-0201,,Spare Parts,Ground,Medium,999999,,Generic,,,1-J30J21,,
1005-0211,,Spare Parts,Ground,Medium,999999,,Generic,,,1-J30J21,,
1005-0213,,Spare Parts,Ground,Medium,999999,,Generic,,,1-J30J21,,
1005-0221,,Spare Parts,Ground,Medium,999999,,Generic,,,1-J30J21,,
1005-0231,,Spare Parts,Ground,Medium,999999,,Generic,,,1-J30J21,,
1005-0251,,Spare Parts,Ground,Medium,999999,,Generic,,,1-J30J21,,
1005-0271,,Spare Parts,Ground,Medium,999999,,Generic,,,1-J30J21,,
1005-0291,,Spare Parts,Ground,Medium,999999,,Generic,,,1-J30J21,,
1005-0300,,Spare Parts,Ground,Medium,999999,,Generic,,,1-J30J21,,
1005-0301,,Spare Parts,Ground,Medium,999999,,Generic,,,1-J30J21,,
1005-0303,,Spare Parts,Ground,Medium,999999,,Generic,,,1-J30J21,,
1005-0305,,Spare Parts,Ground,Medium,999999,,Generic,,,1-J30J21,,
1005-0307,,Spare Parts,Ground,Medium,999999,,Generic,,,1-J30J21,,
1005-0311,,Spare Parts,Ground,Medium,999999,,Generic,,,1-J30J21,,
1005-0313,,Spare Parts,Ground,Medium,999999,,Generic,,,1-J30J21,,
1005-0315,,Spare Parts,Ground,Medium,999999,,Generic,,,1-J30J21,,
1005-0317,,Spare Parts,Ground,Medium,999999,,Generic,,,1-J30J21,,
1005-0321,,Spare Parts,Ground,Medium,999999,,Generic,,,1-J30J21,,
1005-0323,,Spare Parts,Ground,Medium,999999,,Generic,,,1-J30J21,,
1005-0325,,Spare Parts,Ground,Medium,999999,,Generic,,,1-J30J21,,
1005-0327,,Spare Parts,Ground,Medium,999999,,Generic,,,1-J30J21,,
1005-0331,,Spare Parts,Ground,Medium,999999,,Generic,,,1-J30J21,,
1005-0333,,Spare Parts,Ground,Medium,999999,,Generic,,,1-J30J21,,
1005-0335,,Spare Parts,Ground,Medium,999999,,Generic,,,1-J30J21,,
1005-0337,,Spare Parts,Ground,Medium,999999,,Generic,,,1-J30J21,,
1005-0341,,Spare Parts,Ground,Medium,999999,,Generic,,,1-J30J21,,
1005-0343,,Spare Parts,Ground,Medium,999999,,Generic,,,1-J30J21,,
1005-0345,,Spare Parts,Ground,Medium,999999,,Generic,,,1-J30J21,,
1005-0347,,Spare Parts,Ground,Medium,999999,,Generic,,,1-J30J21,,
1005-0351,,Spare Parts,Ground,Medium,999999,,Generic,,,1-J30J21,,
1005-0353,,Spare Parts,Ground,Medium,999999,,Generic,,,1-J30J21,,
1005-0355,,Spare Parts,Ground,Medium,999999,,Generic,,,1-J30J21,,
1005-0357,,Spare Parts,Ground,Medium,999999,,Generic,,,1-J30J21,,
1005-0361,,Spare Parts,Ground,Medium,999999,,Generic,,,1-J30J21,,
1005-0363,,Spare Parts,Ground,Medium,999999,,Generic,,,1-J30J21,,
1005-0365,,Spare Parts,Ground,Medium,999999,,Generic,,,1-J30J21,,
1005-0367,,Spare Parts,Ground,Medium,999999,,Generic,,,1-J30J21,,
1005-0373,,Spare Parts,Ground,Medium,999999,,Generic,,,1-J30J21,,
1005-0375,,Spare Parts,Ground,Medium,999999,,Generic,,,1-J30J21,,
1005-0377,,Spare Parts,Ground,Medium,999999,,Generic,,,1-J30J21,,
1005-0381,,Spare Parts,Ground,Medium,999999,,Generic,,,1-J30J21,,
1005-0383,,Spare Parts,Ground,Medium,999999,,Generic,,,1-J30J21,,
1005-0385,,Spare Parts,Ground,Medium,999999,,Generic,,,1-J30J21,,
1005-0387,,Spare Parts,Ground,Medium,999999,,Generic,,,1-J30J21,,
1005-0391,,Spare Parts,Ground,Medium,999999,,Generic,,,1-J30J21,,
1005-0393,,Spare Parts,Ground,Medium,999999,,Generic,,,1-J30J21,,
1005-0395,,Spare Parts,Ground,Medium,999999,,Generic,,,1-J30J21,,
1005-0397,,Spare Parts,Ground,Medium,999999,,Generic,,,1-J30J21,,
1005-0400,,Spare Parts,Ground,Medium,999999,,Generic,,,1-J30J21,,
1005-0401,,Spare Parts,Ground,Medium,999999,,Generic,,,1-J30J21,,
1005-0405,,Spare Parts,Ground,Medium,999999,,Generic,,,1-J30J21,,
1005-0411,,Spare Parts,Ground,Medium,999999,,Generic,,,1-J30J21,,
1005-0415,,Spare Parts,Ground,Medium,999999,,Generic,,,1-J30J21,,
1005-0421,,Spare Parts,Ground,Medium,999999,,Generic,,,1-J30J21,,
1005-0425,,Spare Parts,Ground,Medium,999999,,Generic,,,1-J30J21,,
1005-0431,,Spare Parts,Ground,Medium,999999,,Generic,,,1-J30J21,,
1005-0435,,Spare Parts,Ground,Medium,999999,,Generic,,,1-J30J21,,
1005-0441,,Spare Parts,Ground,Medium,999999,,Generic,,,1-J30J21,,
1005-0445,,Spare Parts,Ground,Medium,999999,,Generic,,,1-J30J21,,
1005-0451,,Spare Parts,Ground,Medium,999999,,Generic,,,1-J30J21,,
1005-0461,,Spare Parts,Ground,Medium,999999,,Generic,,,1-J30J21,,
1005-0465,,Spare Parts,Ground,Medium,999999,,Generic,,,1-J30J21,,
1005-0475,,Spare Parts,Ground,Medium,999999,,Generic,,,1-J30J21,,
1005-0481,,Spare Parts,Ground,Medium,999999,,Generic,,,1-J30J21,,
1005-0485,,Spare Parts,Ground,Medium,999999,,Generic,,,1-J30J21,,
1005-0495,,Spare Parts,Ground,Medium,999999,,Generic,,,1-J30J21,,
1005-5100,,Spare Parts,Ground,Medium,999999,,Generic,,,1-J30J21,,
1005-5191,,Spare Parts,Ground,Medium,999999,,Generic,,,1-J30J21,,
1005-5325,,Spare Parts,Ground,Medium,999999,,Generic,,,1-J30J21,,
1005-5347,,Spare Parts,Ground,Medium,999999,,Generic,,,1-J30J21,,
1005-5363,,Spare Parts,Ground,Medium,999999,,Generic,,,1-J30J21,,
1005-5391,,Spare Parts,Ground,Medium,999999,,Generic,,,1-J30J21,,
1005-Box),,Spare Parts,Ground,Medium,999999,,Generic,,,1-J30J21,,
1006-0100,,Spare Parts,Ground,Medium,999999,,Generic,,,1-J30J21,,
1006-0111,,Spare Parts,Ground,Medium,999999,,Generic,,,1-J30J21,,
1006-0113,,Spare Parts,Ground,Medium,999999,,Generic,,,1-J30J21,,
1006-0115,,Spare Parts,Ground,Medium,999999,,Generic,,,1-J30J21,,
1006-0117,,Spare Parts,Ground,Medium,999999,,Generic,,,1-J30J21,,
1006-0123,,Spare Parts,Ground,Medium,999999,,Generic,,,1-J30J21,,
1006-0133,,Spare Parts,Ground,Medium,999999,,Generic,,,1-J30J21,,
1006-0135,,Spare Parts,Ground,Medium,999999,,Generic,,,1-J30J21,,
1006-0137,,Spare Parts,Ground,Medium,999999,,Generic,,,1-J30J21,,
1006-0151,,Spare Parts,Ground,Medium,999999,,Generic,,,1-J30J21,,
1006-0153,,Spare Parts,Ground,Medium,999999,,Generic,,,1-J30J21,,
1006-0155,,Spare Parts,Ground,Medium,999999,,Generic,,,1-J30J21,,
1006-0157,,Spare Parts,Ground,Medium,999999,,Generic,,,1-J30J21,,
1006-0171,,Spare Parts,Ground,Medium,999999,,Generic,,,1-J30J21,,
1006-0173,,Spare Parts,Ground,Medium,999999,,Generic,,,1-J30J21,,
1006-0175,,Spare Parts,Ground,Medium,999999,,Generic,,,1-J30J21,,
1006-0177,,Spare Parts,Ground,Medium,999999,,Generic,,,1-J30J21,,
1006-0191,,Spare Parts,Ground,Medium,999999,,Generic,,,1-J30J21,,
1006-0193,,Spare Parts,Ground,Medium,999999,,Generic,,,1-J30J21,,
1006-0195,,Spare Parts,Ground,Medium,999999,,Generic,,,1-J30J21,,
1006-0197,,Spare Parts,Ground,Medium,999999,,Generic,,,1-J30J21,,
1006-0200,,Spare Parts,Ground,Medium,999999,,Generic,,,1-J30J21,,
1006-0211,,Spare Parts,Ground,Medium,999999,,Generic,,,1-J30J21,,
1006-0213,,Spare Parts,Ground,Medium,999999,,Generic,,,1-J30J21,,
1006-0215,,Spare Parts,Ground,Medium,999999,,Generic,,,1-J30J21,,
1006-0217,,Spare Parts,Ground,Medium,999999,,Generic,,,1-J30J21,,
1006-0231,,Spare Parts,Ground,Medium,999999,,Generic,,,1-J30J21,,
1006-0233,,Spare Parts,Ground,Medium,999999,,Generic,,,1-J30J21,,
1006-0235,,Spare Parts,Ground,Medium,999999,,Generic,,,1-J30J21,,
1006-0237,,Spare Parts,Ground,Medium,999999,,Generic,,,1-J30J21,,
1006-0251,,Spare Parts,Ground,Medium,999999,,Generic,,,1-J30J21,,
1006-0253,,Spare Parts,Ground,Medium,999999,,Generic,,,1-J30J21,,
1006-0255,,Spare Parts,Ground,Medium,999999,,Generic,,,1-J30J21,,
1006-0257,,Spare Parts,Ground,Medium,999999,,Generic,,,1-J30J21,,
1006-0271,,Spare Parts,Ground,Medium,999999,,Generic,,,1-J30J21,,
1006-0273,,Spare Parts,Ground,Medium,999999,,Generic,,,1-J30J21,,
1006-0275,,Spare Parts,Ground,Medium,999999,,Generic,,,1-J30J21,,
1006-0277,,Spare Parts,Ground,Medium,999999,,Generic,,,1-J30J21,,
1006-0291,,Spare Parts,Ground,Medium,999999,,Generic,,,1-J30J21,,
1006-0293,,Spare Parts,Ground,Medium,999999,,Generic,,,1-J30J21,,
1006-0295,,Spare Parts,Ground,Medium,999999,,Generic,,,1-J30J21,,
1006-0300,,Spare Parts,Ground,Medium,999999,,Generic,,,1-J30J21,,
1006-0311,,Spare Parts,Ground,Medium,999999,,Generic,,,1-J30J21,,
1006-0313,,Spare Parts,Ground,Medium,999999,,Generic,,,1-J30J21,,
1006-0315,,Spare Parts,Ground,Medium,999999,,Generic,,,1-J30J21,,
1006-0317,,Spare Parts,Ground,Medium,999999,,Generic,,,1-J30J21,,
1006-0331,,Spare Parts,Ground,Medium,999999,,Generic,,,1-J30J21,,
1006-0333,,Spare Parts,Ground,Medium,999999,,Generic,,,1-J30J21,,
1006-0337,,Spare Parts,Ground,Medium,999999,,Generic,,,1-J30J21,,
1006-0338,,Spare Parts,Ground,Medium,999999,,Generic,,,1-J30J21,,
1006-0351,,Spare Parts,Ground,Medium,999999,,Generic,,,1-J30J21,,
1006-0353,,Spare Parts,Ground,Medium,999999,,Generic,,,1-J30J21,,
1006-0355,,Spare Parts,Ground,Medium,999999,,Generic,,,1-J30J21,,
1006-0357,,Spare Parts,Ground,Medium,999999,,Generic,,,1-J30J21,,
1006-0371,,Spare Parts,Ground,Medium,999999,,Generic,,,1-J30J21,,
1006-0373,,Spare Parts,Ground,Medium,999999,,Generic,,,1-J30J21,,
1006-0375,,Spare Parts,Ground,Medium,999999,,Generic,,,1-J30J21,,
1006-0377,,Spare Parts,Ground,Medium,999999,,Generic,,,1-J30J21,,
1006-0391,,Spare Parts,Ground,Medium,999999,,Generic,,,1-J30J21,,
1006-0397,,Spare Parts,Ground,Medium,999999,,Generic,,,1-J30J21,,
1006-0400,,Spare Parts,Ground,Medium,999999,,Generic,,,1-J30J21,,
1006-0401,,Spare Parts,Ground,Medium,999999,,Generic,,,1-J30J21,,
1006-0403,,Spare Parts,Ground,Medium,999999,,Generic,,,1-J30J21,,
1006-0405,,Spare Parts,Ground,Medium,999999,,Generic,,,1-J30J21,,
1006-0407,,Spare Parts,Ground,Medium,999999,,Generic,,,1-J30J21,,
1006-0411,,Spare Parts,Ground,Medium,999999,,Generic,,,1-J30J21,,
1006-0413,,Spare Parts,Ground,Medium,999999,,Generic,,,1-J30J21,,
1006-0414,,Spare Parts,Ground,Medium,999999,,Generic,,,1-J30J21,,
1006-0415,,Spare Parts,Ground,Medium,999999,,Generic,,,1-J30J21,,
1006-0421,,Spare Parts,Ground,Medium,999999,,Generic,,,1-J30J21,,
1006-0423,,Spare Parts,Ground,Medium,999999,,Generic,,,1-J30J21,,
1006-0425,,Spare Parts,Ground,Medium,999999,,Generic,,,1-J30J21,,
1006-0427,,Spare Parts,Ground,Medium,999999,,Generic,,,1-J30J21,,
1006-0431,,Spare Parts,Ground,Medium,999999,,Generic,,,1-J30J21,,
1006-0433,,Spare Parts,Ground,Medium,999999,,Generic,,,1-J30J21,,
1006-0435,,Spare Parts,Ground,Medium,999999,,Generic,,,1-J30J21,,
1006-0437,,Spare Parts,Ground,Medium,999999,,Generic,,,1-J30J21,,
1006-0443,,Spare Parts,Ground,Medium,999999,,Generic,,,1-J30J21,,
1006-0445,,Spare Parts,Ground,Medium,999999,,Generic,,,1-J30J21,,
1006-0511,,Spare Parts,Ground,Medium,999999,,Generic,,,1-J30J21,,
10060511(BOX),,Spare Parts,Ground,Medium,999999,,Generic,,,1-J30J21,,
1006-0520,,Spare Parts,Ground,Medium,999999,,Generic,,,1-J30J21,,
1006-0521,,Spare Parts,Ground,Medium,999999,,Generic,,,1-J30J21,,
1006-0531,,Spare Parts,Ground,Medium,999999,,Generic,,,1-J30J21,,
1006-0541,,Spare Parts,Ground,Medium,999999,,Generic,,,1-J30J21,,
1006-0551,,Spare Parts,Ground,Medium,999999,,Generic,,,1-J30J21,,
1006-0561,,Spare Parts,Ground,Medium,999999,,Generic,,,1-J30J21,,
1006-0571,,Spare Parts,Ground,Medium,999999,,Generic,,,1-J30J21,,
1006-0581,,Spare Parts,Ground,Medium,999999,,Generic,,,1-J30J21,,
1006-0591,,Spare Parts,Ground,Medium,999999,,Generic,,,1-J30J21,,
1006-0593,,Spare Parts,Ground,Medium,999999,,Generic,,,1-J30J21,,
1006-6123,,Spare Parts,Ground,Medium,999999,,Generic,,,1-J30J21,,
1006-6131,,Spare Parts,Ground,Medium,999999,,Generic,,,1-J30J21,,
2002-0100,,Spare Parts,First,Medium,999999,,Generic,,,1-J30J21,,
2002-0111,,Spare Parts,First,Medium,999999,,Generic,,,1-J30J21,,
2002-0171,,Spare Parts,First,Medium,999999,,Generic,,,1-J30J21,,
2002-0200,,Spare Parts,First,Medium,999999,,Generic,,,1-J30J21,,
2002-0201,,Spare Parts,First,Medium,999999,,Generic,,,1-J30J21,,
2002-0205,,Spare Parts,First,Medium,999999,,Generic,,,1-J30J21,,
2002-0211,,Spare Parts,First,Medium,999999,,Generic,,,1-J30J21,,
2002-0215,,Spare Parts,First,Medium,999999,,Generic,,,1-J30J21,,
2002-0221,,Spare Parts,First,Medium,999999,,Generic,,,1-J30J21,,
2002-0225,,Spare Parts,First,Medium,999999,,Generic,,,1-J30J21,,
2002-0231,,Spare Parts,First,Medium,999999,,Generic,,,1-J30J21,,
2002-0235,,Spare Parts,First,Medium,999999,,Generic,,,1-J30J21,,
2002-0241,,Spare Parts,First,Medium,999999,,Generic,,,1-J30J21,,
2002-0245,,Spare Parts,First,Medium,999999,,Generic,,,1-J30J21,,
2002-0251,,Spare Parts,First,Medium,999999,,Generic,,,1-J30J21,,
2002-0255,,Spare Parts,First,Medium,999999,,Generic,,,1-J30J21,,
2002-0261,,Spare Parts,First,Medium,999999,,Generic,,,1-J30J21,,
2002-0265,,Spare Parts,First,Medium,999999,,Generic,,,1-J30J21,,
2002-0300,,Spare Parts,First,Medium,999999,,Generic,,,1-J30J21,,
2002-0311,,Spare Parts,First,Medium,999999,,Generic,,,1-J30J21,,
2002-0315,,Spare Parts,First,Medium,999999,,Generic,,,1-J30J21,,
2002-0321,,Spare Parts,First,Medium,999999,,Generic,,,1-J30J21,,
2002-0325,,Spare Parts,First,Medium,999999,,Generic,,,1-J30J21,,
2002-0331,,Spare Parts,First,Medium,999999,,Generic,,,1-J30J21,,
2002-0351,,Spare Parts,First,Medium,999999,,Generic,,,1-J30J21,,
2002-0361,,Spare Parts,First,Medium,999999,,Generic,,,1-J30J21,,
2002-0371,,Spare Parts,First,Medium,999999,,Generic,,,1-J30J21,,
2002-0375,,Spare Parts,First,Medium,999999,,Generic,,,1-J30J21,,
2002-0381,,Spare Parts,First,Medium,999999,,Generic,,,1-J30J21,,
2002-0385,,Spare Parts,First,Medium,999999,,Generic,,,1-J30J21,,
2002-0391,,Spare Parts,First,Medium,999999,,Generic,,,1-J30J21,,
2002-0395,,Spare Parts,First,Medium,999999,,Generic,,,1-J30J21,,
2002-0405,,Spare Parts,First,Medium,999999,,Generic,,,1-J30J21,,
2002-0411,,Spare Parts,First,Medium,999999,,Generic,,,1-J30J21,,
2002-0415,,Spare Parts,First,Medium,999999,,Generic,,,1-J30J21,,
2002-0425,,Spare Parts,First,Medium,999999,,Generic,,,1-J30J21,,
2002-0445,,Spare Parts,First,Medium,999999,,Generic,,,1-J30J21,,
2002-0465,,Spare Parts,First,Medium,999999,,Generic,,,1-J30J21,,
2002-0471,,Spare Parts,First,Medium,999999,,Generic,,,1-J30J21,,
2002-0475,,Spare Parts,First,Medium,999999,,Generic,,,1-J30J21,,
2002-0485,,Spare Parts,First,Medium,999999,,Generic,,,1-J30J21,,
2002-0491,,Spare Parts,First,Medium,999999,,Generic,,,1-J30J21,,
2002-0495,,Spare Parts,First,Medium,999999,,Generic,,,1-J30J21,,
2003-0100,,Spare Parts,First,Medium,999999,,Generic,,,1-J30J21,,
2003-0111,,Spare Parts,First,Medium,999999,,Generic,,,1-J30J21,,
2003-0113,,Spare Parts,First,Medium,999999,,Generic,,,1-J30J21,,
2003-0115,,Spare Parts,First,Medium,999999,,Generic,,,1-J30J21,,
2003-0117,,Spare Parts,First,Medium,999999,,Generic,,,1-J30J21,,
2003-0131,,Spare Parts,First,Medium,999999,,Generic,,,1-J30J21,,
2003-0133,,Spare Parts,First,Medium,999999,,Generic,,,1-J30J21,,
2003-0135,,Spare Parts,First,Medium,999999,,Generic,,,1-J30J21,,
2003-0137,,Spare Parts,First,Medium,999999,,Generic,,,1-J30J21,,
2003-0151,,Spare Parts,First,Medium,999999,,Generic,,,1-J30J21,,
2003-0153,,Spare Parts,First,Medium,999999,,Generic,,,1-J30J21,,
2003-0155,,Spare Parts,First,Medium,999999,,Generic,,,1-J30J21,,
2003-0157,,Spare Parts,First,Medium,999999,,Generic,,,1-J30J21,,
2003-0171,,Spare Parts,First,Medium,999999,,Generic,,,1-J30J21,,
2003-0173,,Spare Parts,First,Medium,999999,,Generic,,,1-J30J21,,
2003-0175,,Spare Parts,First,Medium,999999,,Generic,,,1-J30J21,,
2003-0177,,Spare Parts,First,Medium,999999,,Generic,,,1-J30J21,,
2003-0191,,Spare Parts,First,Medium,999999,,Generic,,,1-J30J21,,
2003-0193,,Spare Parts,First,Medium,999999,,Generic,,,1-J30J21,,
2003-0195,,Spare Parts,First,Medium,999999,,Generic,,,1-J30J21,,
2003-0197,,Spare Parts,First,Medium,999999,,Generic,,,1-J30J21,,
2003-0201,,Spare Parts,First,Medium,999999,,Generic,,,1-J30J21,,
2003-0231,,Spare Parts,First,Medium,999999,,Generic,,,1-J30J21,,
2003-0291,,Spare Parts,First,Medium,999999,,Generic,,,1-J30J21,,
2003-0400,,Spare Parts,First,Medium,999999,,Generic,,,1-J30J21,,
2003-0411,,Spare Parts,First,Medium,999999,,Generic,,,1-J30J21,,
2003-0431,,Spare Parts,First,Medium,999999,,Generic,,,1-J30J21,,
2003-0471,,Spare Parts,First,Medium,999999,,Generic,,,1-J30J21,,
2004-0100,,Spare Parts,First,Medium,999999,,Generic,,,1-J30J21,,
2004-0101,,Spare Parts,First,Medium,999999,,Generic,,,1-J30J21,,
2004-0111,,Spare Parts,First,Medium,999999,,Generic,,,1-J30J21,,
2004-0121,,Spare Parts,First,Medium,999999,,Generic,,,1-J30J21,,
2004-0131,,Spare Parts,First,Medium,999999,,Generic,,,1-J30J21,,
2004-0141,,Spare Parts,First,Medium,999999,,Generic,,,1-J30J21,,
2004-0151,,Spare Parts,First,Medium,999999,,Generic,,,1-J30J21,,
2004-0161,,Spare Parts,First,Medium,999999,,Generic,,,1-J30J21,,
2004-0171,,Spare Parts,First,Medium,999999,,Generic,,,1-J30J21,,
2004-0181,,Spare Parts,First,Medium,999999,,Generic,,,1-J30J21,,
2004-0191,,Spare Parts,First,Medium,999999,,Generic,,,1-J30J21,,
2004-0200,,Spare Parts,First,Medium,999999,,Generic,,,1-J30J21,,
2004-0201,,Spare Parts,First,Medium,999999,,Generic,,,1-J30J21,,
2004-0211,,Spare Parts,First,Medium,999999,,Generic,,,1-J30J21,,
2004-0221,,Spare Parts,First,Medium,999999,,Generic,,,1-J30J21,,
2004-0231,,Spare Parts,First,Medium,999999,,Generic,,,1-J30J21,,
2004-0241,,Spare Parts,First,Medium,999999,,Generic,,,1-J30J21,,
2004-0251,,Spare Parts,First,Medium,999999,,Generic,,,1-J30J21,,
2004-0261,,Spare Parts,First,Medium,999999,,Generic,,,1-J30J21,,
2004-0271,,Spare Parts,First,Medium,999999,,Generic,,,1-J30J21,,
2004-0281,,Spare Parts,First,Medium,999999,,Generic,,,1-J30J21,,
2004-0291,,Spare Parts,First,Medium,999999,,Generic,,,1-J30J21,,
2004-0300,,Spare Parts,First,Medium,999999,,Generic,,,1-J30J21,,
2004-0301,,Spare Parts,First,Medium,999999,,Generic,,,1-J30J21,,
2004-0321,,Spare Parts,First,Medium,999999,,Generic,,,1-J30J21,,
2004-0331,,Spare Parts,First,Medium,999999,,Generic,,,1-J30J21,,
2004-0351,,Spare Parts,First,Medium,999999,,Generic,,,1-J30J21,,
2004-0361,,Spare Parts,First,Medium,999999,,Generic,,,1-J30J21,,
2004-0371,,Spare Parts,First,Medium,999999,,Generic,,,1-J30J21,,
2004-0381,,Spare Parts,First,Medium,999999,,Generic,,,1-J30J21,,
2004-0411,,Spare Parts,First,Medium,999999,,Generic,,,1-J30J21,,
2004-0471,,Spare Parts,First,Medium,999999,,Generic,,,1-J30J21,,
2004-0475,,Spare Parts,First,Medium,999999,,Generic,,,1-J30J21,,
2004-0491,,Spare Parts,First,Medium,999999,,Generic,,,1-J30J21,,
2004-4411,,Spare Parts,First,Medium,999999,,Generic,,,1-J30J21,,
2005-0100,,Spare Parts,First,Medium,999999,,Generic,,,1-J30J21,,
2005-0111,,Spare Parts,First,Medium,999999,,Generic,,,1-J30J21,,
2005-0113,,Spare Parts,First,Medium,999999,,Generic,,,1-J30J21,,
2005-0115,,Spare Parts,First,Medium,999999,,Generic,,,1-J30J21,,
2005-0117,,Spare Parts,First,Medium,999999,,Generic,,,1-J30J21,,
2005-0131,,Spare Parts,First,Medium,999999,,Generic,,,1-J30J21,,
2005-0133,,Spare Parts,First,Medium,999999,,Generic,,,1-J30J21,,
2005-0135,,Spare Parts,First,Medium,999999,,Generic,,,1-J30J21,,
2005-0137,,Spare Parts,First,Medium,999999,,Generic,,,1-J30J21,,
2005-0151,,Spare Parts,First,Medium,999999,,Generic,,,1-J30J21,,
2005-0153,,Spare Parts,First,Medium,999999,,Generic,,,1-J30J21,,
2005-0155,,Spare Parts,First,Medium,999999,,Generic,,,1-J30J21,,
2005-0157,,Spare Parts,First,Medium,999999,,Generic,,,1-J30J21,,
2005-0171,,Spare Parts,First,Medium,999999,,Generic,,,1-J30J21,,
2005-0173,,Spare Parts,First,Medium,999999,,Generic,,,1-J30J21,,
2005-0175,,Spare Parts,First,Medium,999999,,Generic,,,1-J30J21,,
2005-0177,,Spare Parts,First,Medium,999999,,Generic,,,1-J30J21,,
2005-0191,,Spare Parts,First,Medium,999999,,Generic,,,1-J30J21,,
2005-0193,,Spare Parts,First,Medium,999999,,Generic,,,1-J30J21,,
2005-0195,,Spare Parts,First,Medium,999999,,Generic,,,1-J30J21,,
2005-0197,,Spare Parts,First,Medium,999999,,Generic,,,1-J30J21,,
2005-0200,,Spare Parts,First,Medium,999999,,Generic,,,1-J30J21,,
2005-0211,,Spare Parts,First,Medium,999999,,Generic,,,1-J30J21,,
2005-0213,,Spare Parts,First,Medium,999999,,Generic,,,1-J30J21,,
2005-0215,,Spare Parts,First,Medium,999999,,Generic,,,1-J30J21,,
2005-0217,,Spare Parts,First,Medium,999999,,Generic,,,1-J30J21,,
2005-0231,,Spare Parts,First,Medium,999999,,Generic,,,1-J30J21,,
2005-0233,,Spare Parts,First,Medium,999999,,Generic,,,1-J30J21,,
2005-0235,,Spare Parts,First,Medium,999999,,Generic,,,1-J30J21,,
2005-0237,,Spare Parts,First,Medium,999999,,Generic,,,1-J30J21,,
2005-0251,,Spare Parts,First,Medium,999999,,Generic,,,1-J30J21,,
2005-0253,,Spare Parts,First,Medium,999999,,Generic,,,1-J30J21,,
2005-0255,,Spare Parts,First,Medium,999999,,Generic,,,1-J30J21,,
2005-0257,,Spare Parts,First,Medium,999999,,Generic,,,1-J30J21,,
2005-0271,,Spare Parts,First,Medium,999999,,Generic,,,1-J30J21,,
2005-0273,,Spare Parts,First,Medium,999999,,Generic,,,1-J30J21,,
2005-0275,,Spare Parts,First,Medium,999999,,Generic,,,1-J30J21,,
2005-0277,,Spare Parts,First,Medium,999999,,Generic,,,1-J30J21,,
2005-0291,,Spare Parts,First,Medium,999999,,Generic,,,1-J30J21,,
2005-0293,,Spare Parts,First,Medium,999999,,Generic,,,1-J30J21,,
2005-0295,,Spare Parts,First,Medium,999999,,Generic,,,1-J30J21,,
2005-0297,,Spare Parts,First,Medium,999999,,Generic,,,1-J30J21,,
2005-0300,,Spare Parts,First,Medium,999999,,Generic,,,1-J30J21,,
2005-0351,,Spare Parts,First,Medium,999999,,Generic,,,1-J30J21,,
2005-0391,,Spare Parts,First,Medium,999999,,Generic,,,1-J30J21,,
2005-0411,,Spare Parts,First,Medium,999999,,Generic,,,1-J30J21,,
2005-0415,,Spare Parts,First,Medium,999999,,Generic,,,1-J30J21,,
2005-0431,,Spare Parts,First,Medium,999999,,Generic,,,1-J30J21,,
2005-0435,,Spare Parts,First,Medium,999999,,Generic,,,1-J30J21,,
2005-0451,,Spare Parts,First,Medium,999999,,Generic,,,1-J30J21,,
2005-0455,,Spare Parts,First,Medium,999999,,Generic,,,1-J30J21,,
2005-0471,,Spare Parts,First,Medium,999999,,Generic,,,1-J30J21,,
2005-0491,,Spare Parts,First,Medium,999999,,Generic,,,1-J30J21,,
2005-0495,,Spare Parts,First,Medium,999999,,Generic,,,1-J30J21,,
2006-0123,,Spare Parts,First,Medium,999999,,Generic,,,1-J30J21,,
2006-0400,,Spare Parts,First,Medium,999999,,Generic,,,1-J30J21,,
2006-0401,,Spare Parts,First,Medium,999999,,Generic,,,1-J30J21,,
2006-0405,,Spare Parts,First,Medium,999999,,Generic,,,1-J30J21,,
2006-0411,,Spare Parts,First,Medium,999999,,Generic,,,1-J30J21,,
2006-0415,,Spare Parts,First,Medium,999999,,Generic,,,1-J30J21,,
2006-0425,,Spare Parts,First,Medium,999999,,Generic,,,1-J30J21,,
2006-0431,,Spare Parts,First,Medium,999999,,Generic,,,1-J30J21,,
2006-0451,,Spare Parts,First,Medium,999999,,Generic,,,1-J30J21,,
2006-0461,,Spare Parts,First,Medium,999999,,Generic,,,1-J30J21,,
2006-0465,,Spare Parts,First,Medium,999999,,Generic,,,1-J30J21,,
2006-0475,,Spare Parts,First,Medium,999999,,Generic,,,1-J30J21,,
2006-0481,,Spare Parts,First,Medium,999999,,Generic,,,1-J30J21,,
2006-0485,,Spare Parts,First,Medium,999999,,Generic,,,1-J30J21,,
2006-0491,,Spare Parts,First,Medium,999999,,Generic,,,1-J30J21,,
2006-0495,,Spare Parts,First,Medium,999999,,Generic,,,1-J30J21,,
2006-0531,,Spare Parts,First,Medium,999999,,Generic,,,1-J30J21,,
2006-0545,,Spare Parts,First,Medium,999999,,Generic,,,1-J30J21,,
9999-9999,,Spare Parts,Ground,Medium,999999,,Generic,,,1-J30J21,,
Accessories,,Spare Parts,Ground,Medium,999999,,Generic,,,1-J30J21,,
BOX,,Spare Parts,Ground,Medium,999999,,Generic,,,1-J30J21,,
BOX00001,,Spare Parts,Ground,Medium,999999,,Generic,,,1-J30J21,,
BOX01,,Spare Parts,Ground,Medium,999999,,Generic,,,1-J30J21,,
Consumables,,Spare Parts,Ground,Medium,999999,,Generic,,,1-J30J21,,
EQTools,,Spare Parts,Ground,Medium,999999,,Generic,,,1-J30J21,,
FLOOR,,Spare Parts,Ground,Medium,999999,,Generic,,,1-J30J21,,
Floor Lower,,Spare Parts,Ground,Medium,999999,,Generic,,,1-J30J21,,
FLOOR LWR,,Spare Parts,Ground,Medium,999999,,Generic,,,1-J30J21,,
FLOOR LWR 1,,Spare Parts,Ground,Medium,999999,,Generic,,,1-J30J21,,
FLOOR LWR 2,,Spare Parts,Ground,Medium,999999,,Generic,,,1-J30J21,,
FLOOR TABLE,,Spare Parts,Ground,Medium,999999,,Generic,,,1-J30J21,,
Gas,,Spare Parts,Ground,Medium,999999,,Generic,,,1-J30J21,,
RACK 7,,Spare Parts,Ground,Medium,999999,,Generic,,,1-J30J21,,
RACK-0233,,Spare Parts,Ground,Medium,999999,,Generic,,,1-J30J21,,
RACK-0337,,Spare Parts,Ground,Medium,999999,,Generic,,,1-J30J21,,
RACK04,,Spare Parts,Ground,Medium,999999,,Generic,,,1-J30J21,,
RACK7,,Spare Parts,Ground,Medium,999999,,Generic,,,1-J30J21,,
RACK8,,Spare Parts,Ground,Medium,999999,,Generic,,,1-J30J21,,
RUNGTA,,Spare Parts,Ground,Medium,999999,,Generic,,,1-J30J21,,
Show Room Display 002,,Spare Parts,Ground,Medium,999999,,Generic,,,1-J30J21,,
Showroom,,Spare Parts,Ground,Medium,999999,,Generic,,,1-J30J21,,
TABLE,,Spare Parts,Ground,Medium,999999,,Generic,,,1-J30J21,,
TABLE 1,,Spare Parts,Ground,Medium,999999,,Generic,,,1-J30J21,,
Tools Room,,Spare Parts,Ground,Medium,999999,,Generic,,,1-J30J21,,
Tyres,,Spare Parts,Ground,Medium,999999,,Generic,,,1-J30J21,,
UPPER,,Spare Parts,Ground,Medium,999999,,Generic,,,1-J30J21,,
Upper Box,,Spare Parts,Ground,Medium,999999,,Generic,,,1-J30J21,,
Upper Floor,,Spare Parts,Ground,Medium,999999,,Generic,,,1-J30J21,,
UPPER FLOOR BOX,,Spare Parts,Ground,Medium,999999,,Generic,,,1-J30J21,,
Upper Floor(Crtn),,Spare Parts,Ground,Medium,999999,,Generic,,,1-J30J21,,
UPPER RACK,,Spare Parts,Ground,Medium,999999,,Generic,,,1-J30J21,,
